task_id,combination_id,tensor_block,funktion,dimension,surrogate_model,acquisition_model,sample_size_initial,max_iteration,iteration,best_so_far,simple_regret,immediate_regret,x_distance,status,error
3,0,3,1,2,GausianProzess,EI,5,200,1,144.97809408,-5.790212891602579,-5.790212891602579,0.39241782664268865,ok,
3,0,3,1,2,GausianProzess,EI,5,200,2,144.97809408,-5.790212891602579,10.087470785559248,1.7367339875904133,ok,
3,0,3,1,2,GausianProzess,EI,5,200,3,144.97809408,-5.790212891602579,-5.790212891602579,0.39241782664268865,ok,
3,0,3,1,2,GausianProzess,EI,5,200,4,144.97809408,-5.790212891602579,22.40178710839743,13.787976735944161,ok,
3,0,3,1,2,GausianProzess,EI,5,200,5,144.97809408,-5.790212891602579,-0.7342128916025956,9.873758195016205,ok,
3,0,3,1,2,GausianProzess,EI,5,200,6,144.97809408,-5.790212891602579,44.77500594058748,11.102118032739488,ok,
3,0,3,1,2,GausianProzess,EI,5,200,7,144.97809408,-5.790212891602579,13.249791685403139,8.052484651843555,ok,
3,0,3,1,2,GausianProzess,EI,5,200,8,144.97809408,-5.790212891602579,31.96290958051719,6.180328079148085,ok,
3,0,3,1,2,GausianProzess,EI,5,200,9,144.97809408,-5.790212891602579,15.276861242133293,9.928921044480166,ok,
3,0,3,1,2,GausianProzess,EI,5,200,10,144.97809408,-5.790212891602579,21.678373795688543,4.7827510068173416,ok,
3,0,3,1,2,GausianProzess,EI,5,200,11,144.97809408,-5.790212891602579,-5.790212891602579,0.39241782664268865,ok,
3,0,3,1,2,GausianProzess,EI,5,200,12,144.97809408,-5.790212891602579,-5.790212891602579,0.39241782664268865,ok,
3,0,3,1,2,GausianProzess,EI,5,200,13,144.97809408,-5.790212891602579,53.99804268207549,7.087962949285097,ok,
3,0,3,1,2,GausianProzess,EI,5,200,14,144.97809408,-5.790212891602579,-5.790212891602579,0.39241782664268865,ok,
3,0,3,1,2,GausianProzess,EI,5,200,15,144.97809408,-5.790212891602579,-5.790212891602579,0.39241782664268865,ok,
3,0,3,1,2,GausianProzess,EI,5,200,16,144.97809408,-5.790212891602579,-5.790212891602579,0.39241782664268865,ok,
3,0,3,1,2,GausianProzess,EI,5,200,17,144.97809408,-5.790212891602579,-5.790212891602579,0.39241782664268865,ok,
3,0,3,1,2,GausianProzess,EI,5,200,18,144.97809408,-5.790212891602579,-5.790212891602579,0.39241782664268865,ok,
3,0,3,1,2,GausianProzess,EI,5,200,19,144.97809408,-5.790212891602579,-5.790212891602579,0.39241782664268865,ok,
3,0,3,1,2,GausianProzess,EI,5,200,20,144.97809408,-5.790212891602579,-5.790212891602579,0.39241782664268865,ok,
3,0,3,1,2,GausianProzess,EI,5,200,21,144.97809408,-5.790212891602579,-5.790212891602579,0.39241782664268865,ok,
3,0,3,1,2,GausianProzess,EI,5,200,22,144.97809408,-5.790212891602579,-5.790212891602579,0.39241782664268865,ok,
3,0,3,1,2,GausianProzess,EI,5,200,23,144.97809408,-5.790212891602579,-5.790212891602579,0.39241782664268865,ok,
3,0,3,1,2,GausianProzess,EI,5,200,24,144.97809408,-5.790212891602579,-5.790212891602579,0.39241782664268865,ok,
3,0,3,1,2,GausianProzess,EI,5,200,25,144.97809408,-5.790212891602579,-5.790212891602579,0.39241782664268865,ok,
3,0,3,1,2,GausianProzess,EI,5,200,26,144.97809408,-5.790212891602579,-5.790212891602579,0.39241782664268865,ok,
3,0,3,1,2,GausianProzess,EI,5,200,27,144.97809408,-5.790212891602579,-5.790212891602579,0.39241782664268865,ok,
3,0,3,1,2,GausianProzess,EI,5,200,28,144.97809408,-5.790212891602579,-5.790212891602579,0.39241782664268865,ok,
3,0,3,1,2,GausianProzess,EI,5,200,29,144.97809408,-5.790212891602579,-5.790212891602579,0.39241782664268865,ok,
3,0,3,1,2,GausianProzess,EI,5,200,30,144.97809408,-5.790212891602579,-5.790212891602579,0.39241782664268865,ok,
3,0,3,1,2,GausianProzess,EI,5,200,31,144.97809408,-5.790212891602579,-5.790212891602579,0.39241782664268865,ok,
3,0,3,1,2,GausianProzess,EI,5,200,32,144.97809408,-5.790212891602579,-5.790212891602579,0.39241782664268865,ok,
3,0,3,1,2,GausianProzess,EI,5,200,33,144.97809408,-5.790212891602579,-5.790212891602579,0.39241782664268865,ok,
3,0,3,1,2,GausianProzess,EI,5,200,34,144.97809408,-5.790212891602579,-5.790212891602579,0.39241782664268865,ok,
3,0,3,1,2,GausianProzess,EI,5,200,35,144.97809408,-5.790212891602579,-5.790212891602579,0.39241782664268865,ok,
3,0,3,1,2,GausianProzess,EI,5,200,36,144.97809408,-5.790212891602579,-5.790212891602579,0.39241782664268865,ok,
3,0,3,1,2,GausianProzess,EI,5,200,37,144.97809408,-5.790212891602579,-5.790212891602579,0.39241782664268865,ok,
3,0,3,1,2,GausianProzess,EI,5,200,38,144.97809408,-5.790212891602579,-5.790212891602579,0.39241782664268865,ok,
3,0,3,1,2,GausianProzess,EI,5,200,39,144.97809408,-5.790212891602579,-5.790212891602579,0.39241782664268865,ok,
3,0,3,1,2,GausianProzess,EI,5,200,40,144.97809408,-5.790212891602579,-5.790212891602579,0.39241782664268865,ok,
3,0,3,1,2,GausianProzess,EI,5,200,41,144.97809408,-5.790212891602579,-5.790212891602579,0.39241782664268865,ok,
3,0,3,1,2,GausianProzess,EI,5,200,42,144.97809408,-5.790212891602579,-5.790212891602579,0.39241782664268865,ok,
3,0,3,1,2,GausianProzess,EI,5,200,43,144.97809408,-5.790212891602579,-5.790212891602579,0.39241782664268865,ok,
3,0,3,1,2,GausianProzess,EI,5,200,44,144.97809408,-5.790212891602579,-5.790212891602579,0.39241782664268865,ok,
3,0,3,1,2,GausianProzess,EI,5,200,45,144.97809408,-5.790212891602579,-5.790212891602579,0.39241782664268865,ok,
3,0,3,1,2,GausianProzess,EI,5,200,46,144.97809408,-5.790212891602579,-5.790212891602579,0.39241782664268865,ok,
3,0,3,1,2,GausianProzess,EI,5,200,47,144.97809408,-5.790212891602579,-5.790212891602579,0.39241782664268865,ok,
3,0,3,1,2,GausianProzess,EI,5,200,48,144.97809408,-5.790212891602579,-5.790212891602579,0.39241782664268865,ok,
3,0,3,1,2,GausianProzess,EI,5,200,49,144.97809408,-5.790212891602579,-5.790212891602579,0.39241782664268865,ok,
3,0,3,1,2,GausianProzess,EI,5,200,50,144.97809408,-5.790212891602579,-5.790212891602579,0.39241782664268865,ok,
3,0,3,1,2,GausianProzess,EI,5,200,51,144.97809408,-5.790212891602579,-5.790212891602579,0.39241782664268865,ok,
3,0,3,1,2,GausianProzess,EI,5,200,52,144.97809408,-5.790212891602579,-5.790212891602579,0.39241782664268865,ok,
3,0,3,1,2,GausianProzess,EI,5,200,53,144.97809408,-5.790212891602579,-5.790212891602579,0.39241782664268865,ok,
3,0,3,1,2,GausianProzess,EI,5,200,54,144.97809408,-5.790212891602579,-5.790212891602579,0.39241782664268865,ok,
3,0,3,1,2,GausianProzess,EI,5,200,55,144.97809408,-5.790212891602579,-5.790212891602579,0.39241782664268865,ok,
3,0,3,1,2,GausianProzess,EI,5,200,56,144.97809408,-5.790212891602579,-5.790212891602579,0.39241782664268865,ok,
3,0,3,1,2,GausianProzess,EI,5,200,57,144.97809408,-5.790212891602579,-5.790212891602579,0.39241782664268865,ok,
3,0,3,1,2,GausianProzess,EI,5,200,58,144.97809408,-5.790212891602579,-5.790212891602579,0.39241782664268865,ok,
3,0,3,1,2,GausianProzess,EI,5,200,59,144.97809408,-5.790212891602579,-5.790212891602579,0.39241782664268865,ok,
3,0,3,1,2,GausianProzess,EI,5,200,60,144.97809408,-5.790212891602579,-5.790212891602579,0.39241782664268865,ok,
3,0,3,1,2,GausianProzess,EI,5,200,61,144.97809408,-5.790212891602579,-5.790212891602579,0.39241782664268865,ok,
3,0,3,1,2,GausianProzess,EI,5,200,62,144.97809408,-5.790212891602579,-5.790212891602579,0.39241782664268865,ok,
3,0,3,1,2,GausianProzess,EI,5,200,63,144.97809408,-5.790212891602579,-5.790212891602579,0.39241782664268865,ok,
3,0,3,1,2,GausianProzess,EI,5,200,64,144.97809408,-5.790212891602579,-5.790212891602579,0.39241782664268865,ok,
3,0,3,1,2,GausianProzess,EI,5,200,65,144.97809408,-5.790212891602579,-5.790212891602579,0.39241782664268865,ok,
3,0,3,1,2,GausianProzess,EI,5,200,66,144.97809408,-5.790212891602579,-5.790212891602579,0.39241782664268865,ok,
3,0,3,1,2,GausianProzess,EI,5,200,67,144.97809408,-5.790212891602579,-5.790212891602579,0.39241782664268865,ok,
3,0,3,1,2,GausianProzess,EI,5,200,68,144.97809408,-5.790212891602579,-5.790212891602579,0.39241782664268865,ok,
3,0,3,1,2,GausianProzess,EI,5,200,69,144.97809408,-5.790212891602579,-5.790212891602579,0.39241782664268865,ok,
3,0,3,1,2,GausianProzess,EI,5,200,70,144.97809408,-5.790212891602579,-5.790212891602579,0.39241782664268865,ok,
3,0,3,1,2,GausianProzess,EI,5,200,71,144.97809408,-5.790212891602579,-5.790212891602579,0.39241782664268865,ok,
3,0,3,1,2,GausianProzess,EI,5,200,72,144.97809408,-5.790212891602579,-5.790212891602579,0.39241782664268865,ok,
3,0,3,1,2,GausianProzess,EI,5,200,73,144.97809408,-5.790212891602579,-5.790212891602579,0.39241782664268865,ok,
3,0,3,1,2,GausianProzess,EI,5,200,74,144.97809408,-5.790212891602579,-5.790212891602579,0.39241782664268865,ok,
3,0,3,1,2,GausianProzess,EI,5,200,75,144.97809408,-5.790212891602579,-5.790212891602579,0.39241782664268865,ok,
3,0,3,1,2,GausianProzess,EI,5,200,76,144.97809408,-5.790212891602579,-5.790212891602579,0.39241782664268865,ok,
3,0,3,1,2,GausianProzess,EI,5,200,77,144.97809408,-5.790212891602579,-5.790212891602579,0.39241782664268865,ok,
3,0,3,1,2,GausianProzess,EI,5,200,78,144.97809408,-5.790212891602579,-5.790212891602579,0.39241782664268865,ok,
3,0,3,1,2,GausianProzess,EI,5,200,79,144.97809408,-5.790212891602579,-5.790212891602579,0.39241782664268865,ok,
3,0,3,1,2,GausianProzess,EI,5,200,80,144.97809408,-5.790212891602579,-5.790212891602579,0.39241782664268865,ok,
3,0,3,1,2,GausianProzess,EI,5,200,81,144.97809408,-5.790212891602579,-5.790212891602579,0.39241782664268865,ok,
3,0,3,1,2,GausianProzess,EI,5,200,82,144.97809408,-5.790212891602579,-5.790212891602579,0.39241782664268865,ok,
3,0,3,1,2,GausianProzess,EI,5,200,83,144.97809408,-5.790212891602579,-5.790212891602579,0.39241782664268865,ok,
3,0,3,1,2,GausianProzess,EI,5,200,84,144.97809408,-5.790212891602579,-5.790212891602579,0.39241782664268865,ok,
3,0,3,1,2,GausianProzess,EI,5,200,85,144.97809408,-5.790212891602579,-5.790212891602579,0.39241782664268865,ok,
3,0,3,1,2,GausianProzess,EI,5,200,86,144.97809408,-5.790212891602579,-5.790212891602579,0.39241782664268865,ok,
3,0,3,1,2,GausianProzess,EI,5,200,87,144.97809408,-5.790212891602579,-5.790212891602579,0.39241782664268865,ok,
3,0,3,1,2,GausianProzess,EI,5,200,88,144.97809408,-5.790212891602579,-5.790212891602579,0.39241782664268865,ok,
3,0,3,1,2,GausianProzess,EI,5,200,89,144.97809408,-5.790212891602579,-5.790212891602579,0.39241782664268865,ok,
3,0,3,1,2,GausianProzess,EI,5,200,90,144.97809408,-5.790212891602579,-5.790212891602579,0.39241782664268865,ok,
3,0,3,1,2,GausianProzess,EI,5,200,91,144.97809408,-5.790212891602579,-5.790212891602579,0.39241782664268865,ok,
3,0,3,1,2,GausianProzess,EI,5,200,92,144.97809408,-5.790212891602579,-5.790212891602579,0.39241782664268865,ok,
3,0,3,1,2,GausianProzess,EI,5,200,93,144.97809408,-5.790212891602579,-5.790212891602579,0.39241782664268865,ok,
3,0,3,1,2,GausianProzess,EI,5,200,94,144.97809408,-5.790212891602579,-5.790212891602579,0.39241782664268865,ok,
3,0,3,1,2,GausianProzess,EI,5,200,95,144.97809408,-5.790212891602579,-5.790212891602579,0.39241782664268865,ok,
3,0,3,1,2,GausianProzess,EI,5,200,96,144.97809408,-5.790212891602579,-5.790212891602579,0.39241782664268865,ok,
3,0,3,1,2,GausianProzess,EI,5,200,97,144.97809408,-5.790212891602579,-5.790212891602579,0.39241782664268865,ok,
3,0,3,1,2,GausianProzess,EI,5,200,98,144.97809408,-5.790212891602579,-5.790212891602579,0.39241782664268865,ok,
3,0,3,1,2,GausianProzess,EI,5,200,99,144.97809408,-5.790212891602579,-5.790212891602579,0.39241782664268865,ok,
3,0,3,1,2,GausianProzess,EI,5,200,100,144.97809408,-5.790212891602579,-5.790212891602579,0.39241782664268865,ok,
3,0,3,1,2,GausianProzess,EI,5,200,101,144.97809408,-5.790212891602579,-5.790212891602579,0.39241782664268865,ok,
3,0,3,1,2,GausianProzess,EI,5,200,102,144.97809408,-5.790212891602579,-5.790212891602579,0.39241782664268865,ok,
3,0,3,1,2,GausianProzess,EI,5,200,103,144.97809408,-5.790212891602579,-5.790212891602579,0.39241782664268865,ok,
3,0,3,1,2,GausianProzess,EI,5,200,104,144.97809408,-5.790212891602579,-5.790212891602579,0.39241782664268865,ok,
3,0,3,1,2,GausianProzess,EI,5,200,105,144.97809408,-5.790212891602579,-5.790212891602579,0.39241782664268865,ok,
3,0,3,1,2,GausianProzess,EI,5,200,106,144.97809408,-5.790212891602579,-5.790212891602579,0.39241782664268865,ok,
3,0,3,1,2,GausianProzess,EI,5,200,107,144.97809408,-5.790212891602579,-5.790212891602579,0.39241782664268865,ok,
3,0,3,1,2,GausianProzess,EI,5,200,108,144.97809408,-5.790212891602579,-5.790212891602579,0.39241782664268865,ok,
3,0,3,1,2,GausianProzess,EI,5,200,109,144.97809408,-5.790212891602579,17.345787108397417,9.631780382045406,ok,
3,0,3,1,2,GausianProzess,EI,5,200,110,144.97809408,-5.790212891602579,-5.790212891602579,0.39241782664268865,ok,
3,0,3,1,2,GausianProzess,EI,5,200,111,144.97809408,-5.790212891602579,-5.790212891602579,0.39241782664268865,ok,
3,0,3,1,2,GausianProzess,EI,5,200,112,144.97809408,-5.790212891602579,-5.790212891602579,0.39241782664268865,ok,
3,0,3,1,2,GausianProzess,EI,5,200,113,144.97809408,-5.790212891602579,-5.790212891602579,0.39241782664268865,ok,
3,0,3,1,2,GausianProzess,EI,5,200,114,144.97809408,-5.790212891602579,-5.790212891602579,0.39241782664268865,ok,
3,0,3,1,2,GausianProzess,EI,5,200,115,144.97809408,-5.790212891602579,-5.790212891602579,0.39241782664268865,ok,
3,0,3,1,2,GausianProzess,EI,5,200,116,144.97809408,-5.790212891602579,-5.790212891602579,0.39241782664268865,ok,
3,0,3,1,2,GausianProzess,EI,5,200,117,144.97809408,-5.790212891602579,-5.790212891602579,0.39241782664268865,ok,
3,0,3,1,2,GausianProzess,EI,5,200,118,144.97809408,-5.790212891602579,-5.790212891602579,0.39241782664268865,ok,
3,0,3,1,2,GausianProzess,EI,5,200,119,144.97809408,-5.790212891602579,-5.790212891602579,0.39241782664268865,ok,
3,0,3,1,2,GausianProzess,EI,5,200,120,144.97809408,-5.790212891602579,-5.790212891602579,0.39241782664268865,ok,
3,0,3,1,2,GausianProzess,EI,5,200,121,144.97809408,-5.790212891602579,-5.790212891602579,0.39241782664268865,ok,
3,0,3,1,2,GausianProzess,EI,5,200,122,144.97809408,-5.790212891602579,-5.790212891602579,0.39241782664268865,ok,
3,0,3,1,2,GausianProzess,EI,5,200,123,144.97809408,-5.790212891602579,-5.790212891602579,0.39241782664268865,ok,
3,0,3,1,2,GausianProzess,EI,5,200,124,144.97809408,-5.790212891602579,-5.790212891602579,0.39241782664268865,ok,
3,0,3,1,2,GausianProzess,EI,5,200,125,144.97809408,-5.790212891602579,-5.790212891602579,0.39241782664268865,ok,
3,0,3,1,2,GausianProzess,EI,5,200,126,144.97809408,-5.790212891602579,-5.790212891602579,0.39241782664268865,ok,
3,0,3,1,2,GausianProzess,EI,5,200,127,144.97809408,-5.790212891602579,-5.790212891602579,0.39241782664268865,ok,
3,0,3,1,2,GausianProzess,EI,5,200,128,144.97809408,-5.790212891602579,-5.790212891602579,0.39241782664268865,ok,
3,0,3,1,2,GausianProzess,EI,5,200,129,144.97809408,-5.790212891602579,42.66456330951348,3.9918242245965883,ok,
3,0,3,1,2,GausianProzess,EI,5,200,130,144.97809408,-5.790212891602579,-5.790212891602579,0.39241782664268865,ok,
3,0,3,1,2,GausianProzess,EI,5,200,131,144.97809408,-5.790212891602579,-5.790212891602579,0.39241782664268865,ok,
3,0,3,1,2,GausianProzess,EI,5,200,132,144.97809408,-5.790212891602579,-5.790212891602579,0.39241782664268865,ok,
3,0,3,1,2,GausianProzess,EI,5,200,133,144.97809408,-5.790212891602579,-5.790212891602579,0.39241782664268865,ok,
3,0,3,1,2,GausianProzess,EI,5,200,134,144.97809408,-5.790212891602579,-5.790212891602579,0.39241782664268865,ok,
3,0,3,1,2,GausianProzess,EI,5,200,135,144.97809408,-5.790212891602579,-5.790212891602579,0.39241782664268865,ok,
3,0,3,1,2,GausianProzess,EI,5,200,136,144.97809408,-5.790212891602579,-5.790212891602579,0.39241782664268865,ok,
3,0,3,1,2,GausianProzess,EI,5,200,137,144.97809408,-5.790212891602579,-5.790212891602579,0.39241782664268865,ok,
3,0,3,1,2,GausianProzess,EI,5,200,138,144.97809408,-5.790212891602579,-5.790212891602579,0.39241782664268865,ok,
3,0,3,1,2,GausianProzess,EI,5,200,139,144.97809408,-5.790212891602579,-5.790212891602579,0.39241782664268865,ok,
3,0,3,1,2,GausianProzess,EI,5,200,140,144.97809408,-5.790212891602579,-5.790212891602579,0.39241782664268865,ok,
3,0,3,1,2,GausianProzess,EI,5,200,141,144.97809408,-5.790212891602579,-5.790212891602579,0.39241782664268865,ok,
3,0,3,1,2,GausianProzess,EI,5,200,142,144.97809408,-5.790212891602579,-5.790212891602579,0.39241782664268865,ok,
3,0,3,1,2,GausianProzess,EI,5,200,143,144.97809408,-5.790212891602579,-5.790212891602579,0.39241782664268865,ok,
3,0,3,1,2,GausianProzess,EI,5,200,144,144.97809408,-5.790212891602579,-5.790212891602579,0.39241782664268865,ok,
3,0,3,1,2,GausianProzess,EI,5,200,145,144.97809408,-5.790212891602579,-5.790212891602579,0.39241782664268865,ok,
3,0,3,1,2,GausianProzess,EI,5,200,146,144.97809408,-5.790212891602579,-5.790212891602579,0.39241782664268865,ok,
3,0,3,1,2,GausianProzess,EI,5,200,147,144.97809408,-5.790212891602579,-5.790212891602579,0.39241782664268865,ok,
3,0,3,1,2,GausianProzess,EI,5,200,148,144.97809408,-5.790212891602579,-5.790212891602579,0.39241782664268865,ok,
3,0,3,1,2,GausianProzess,EI,5,200,149,144.97809408,-5.790212891602579,-5.790212891602579,0.39241782664268865,ok,
3,0,3,1,2,GausianProzess,EI,5,200,150,144.97809408,-5.790212891602579,-5.790212891602579,0.39241782664268865,ok,
3,0,3,1,2,GausianProzess,EI,5,200,151,144.97809408,-5.790212891602579,-5.790212891602579,0.39241782664268865,ok,
3,0,3,1,2,GausianProzess,EI,5,200,152,144.97809408,-5.790212891602579,-5.790212891602579,0.39241782664268865,ok,
3,0,3,1,2,GausianProzess,EI,5,200,153,144.97809408,-5.790212891602579,-5.790212891602579,0.39241782664268865,ok,
3,0,3,1,2,GausianProzess,EI,5,200,154,144.97809408,-5.790212891602579,-5.790212891602579,0.39241782664268865,ok,
3,0,3,1,2,GausianProzess,EI,5,200,155,144.97809408,-5.790212891602579,-5.790212891602579,0.39241782664268865,ok,
3,0,3,1,2,GausianProzess,EI,5,200,156,144.97809408,-5.790212891602579,-5.790212891602579,0.39241782664268865,ok,
3,0,3,1,2,GausianProzess,EI,5,200,157,144.97809408,-5.790212891602579,-5.790212891602579,0.39241782664268865,ok,
3,0,3,1,2,GausianProzess,EI,5,200,158,144.97809408,-5.790212891602579,-5.790212891602579,0.39241782664268865,ok,
3,0,3,1,2,GausianProzess,EI,5,200,159,144.97809408,-5.790212891602579,-5.790212891602579,0.39241782664268865,ok,
3,0,3,1,2,GausianProzess,EI,5,200,160,144.97809408,-5.790212891602579,-5.790212891602579,0.39241782664268865,ok,
3,0,3,1,2,GausianProzess,EI,5,200,161,144.97809408,-5.790212891602579,-5.790212891602579,0.39241782664268865,ok,
3,0,3,1,2,GausianProzess,EI,5,200,162,144.97809408,-5.790212891602579,-5.790212891602579,0.39241782664268865,ok,
3,0,3,1,2,GausianProzess,EI,5,200,163,144.97809408,-5.790212891602579,-5.790212891602579,0.39241782664268865,ok,
3,0,3,1,2,GausianProzess,EI,5,200,164,144.97809408,-5.790212891602579,-5.790212891602579,0.39241782664268865,ok,
3,0,3,1,2,GausianProzess,EI,5,200,165,144.97809408,-5.790212891602579,-5.790212891602579,0.39241782664268865,ok,
3,0,3,1,2,GausianProzess,EI,5,200,166,144.97809408,-5.790212891602579,-5.790212891602579,0.39241782664268865,ok,
3,0,3,1,2,GausianProzess,EI,5,200,167,144.97809408,-5.790212891602579,-5.790212891602579,0.39241782664268865,ok,
3,0,3,1,2,GausianProzess,EI,5,200,168,144.97809408,-5.790212891602579,-5.790212891602579,0.39241782664268865,ok,
3,0,3,1,2,GausianProzess,EI,5,200,169,144.97809408,-5.790212891602579,-5.790212891602579,0.39241782664268865,ok,
3,0,3,1,2,GausianProzess,EI,5,200,170,144.97809408,-5.790212891602579,-5.790212891602579,0.39241782664268865,ok,
3,0,3,1,2,GausianProzess,EI,5,200,171,144.97809408,-5.790212891602579,-5.790212891602579,0.39241782664268865,ok,
3,0,3,1,2,GausianProzess,EI,5,200,172,144.97809408,-5.790212891602579,-5.790212891602579,0.39241782664268865,ok,
3,0,3,1,2,GausianProzess,EI,5,200,173,144.97809408,-5.790212891602579,-5.790212891602579,0.39241782664268865,ok,
3,0,3,1,2,GausianProzess,EI,5,200,174,144.97809408,-5.790212891602579,-5.790212891602579,0.39241782664268865,ok,
3,0,3,1,2,GausianProzess,EI,5,200,175,144.97809408,-5.790212891602579,-5.790212891602579,0.39241782664268865,ok,
3,0,3,1,2,GausianProzess,EI,5,200,176,144.97809408,-5.790212891602579,-5.790212891602579,0.39241782664268865,ok,
3,0,3,1,2,GausianProzess,EI,5,200,177,144.97809408,-5.790212891602579,-5.790212891602579,0.39241782664268865,ok,
3,0,3,1,2,GausianProzess,EI,5,200,178,144.97809408,-5.790212891602579,-5.790212891602579,0.39241782664268865,ok,
3,0,3,1,2,GausianProzess,EI,5,200,179,144.97809408,-5.790212891602579,-5.790212891602579,0.39241782664268865,ok,
3,0,3,1,2,GausianProzess,EI,5,200,180,144.97809408,-5.790212891602579,-5.790212891602579,0.39241782664268865,ok,
3,0,3,1,2,GausianProzess,EI,5,200,181,144.97809408,-5.790212891602579,-5.790212891602579,0.39241782664268865,ok,
3,0,3,1,2,GausianProzess,EI,5,200,182,144.97809408,-5.790212891602579,-5.790212891602579,0.39241782664268865,ok,
3,0,3,1,2,GausianProzess,EI,5,200,183,144.97809408,-5.790212891602579,-5.790212891602579,0.39241782664268865,ok,
3,0,3,1,2,GausianProzess,EI,5,200,184,144.97809408,-5.790212891602579,-5.790212891602579,0.39241782664268865,ok,
3,0,3,1,2,GausianProzess,EI,5,200,185,144.97809408,-5.790212891602579,-5.790212891602579,0.39241782664268865,ok,
3,0,3,1,2,GausianProzess,EI,5,200,186,144.97809408,-5.790212891602579,-5.790212891602579,0.39241782664268865,ok,
3,0,3,1,2,GausianProzess,EI,5,200,187,144.97809408,-5.790212891602579,-5.790212891602579,0.39241782664268865,ok,
3,0,3,1,2,GausianProzess,EI,5,200,188,144.97809408,-5.790212891602579,-5.790212891602579,0.39241782664268865,ok,
3,0,3,1,2,GausianProzess,EI,5,200,189,144.97809408,-5.790212891602579,-5.790212891602579,0.39241782664268865,ok,
3,0,3,1,2,GausianProzess,EI,5,200,190,144.97809408,-5.790212891602579,-5.790212891602579,0.39241782664268865,ok,
3,0,3,1,2,GausianProzess,EI,5,200,191,144.97809408,-5.790212891602579,-5.790212891602579,0.39241782664268865,ok,
3,0,3,1,2,GausianProzess,EI,5,200,192,144.97809408,-5.790212891602579,-5.790212891602579,0.39241782664268865,ok,
3,0,3,1,2,GausianProzess,EI,5,200,193,144.97809408,-5.790212891602579,-5.790212891602579,0.39241782664268865,ok,
3,0,3,1,2,GausianProzess,EI,5,200,194,144.97809408,-5.790212891602579,-5.790212891602579,0.39241782664268865,ok,
3,0,3,1,2,GausianProzess,EI,5,200,195,144.97809408,-5.790212891602579,42.81294774869856,11.825208641431523,ok,
3,0,3,1,2,GausianProzess,EI,5,200,196,144.97809408,-5.790212891602579,-5.790212891602579,0.39241782664268865,ok,
3,0,3,1,2,GausianProzess,EI,5,200,197,144.97809408,-5.790212891602579,-5.790212891602579,0.39241782664268865,ok,
3,0,3,1,2,GausianProzess,EI,5,200,198,144.97809408,-5.790212891602579,-5.790212891602579,0.39241782664268865,ok,
3,0,3,1,2,GausianProzess,EI,5,200,199,144.97809408,-5.790212891602579,-5.790212891602579,0.39241782664268865,ok,
3,0,3,1,2,GausianProzess,EI,5,200,200,144.97809408,-5.790212891602579,-5.790212891602579,0.39241782664268865,ok,
0,0,0,1,2,GausianProzess,EI,5,200,1,132.8806662835371,6.307214904860331,6.307214904860331,9.063478634077033,ok,
0,0,0,1,2,GausianProzess,EI,5,200,2,139.92209408000002,-0.7342128916025956,-0.7342128916025956,9.873758195016205,ok,
0,0,0,1,2,GausianProzess,EI,5,200,3,144.97809408,-5.790212891602579,-5.790212891602579,0.39241782664268865,ok,
0,0,0,1,2,GausianProzess,EI,5,200,4,144.97809408,-5.790212891602579,8.483485933920264,1.5158758768790805,ok,
0,0,0,1,2,GausianProzess,EI,5,200,5,144.97809408,-5.790212891602579,10.39776635707372,1.1352153811276264,ok,
0,0,0,1,2,GausianProzess,EI,5,200,6,144.97809408,-5.790212891602579,-5.790212891602579,0.39241782664268865,ok,
0,0,0,1,2,GausianProzess,EI,5,200,7,144.97809408,-5.790212891602579,-5.790212891602579,0.39241782664268865,ok,
0,0,0,1,2,GausianProzess,EI,5,200,8,144.97809408,-5.790212891602579,22.40178710839743,13.787976735944161,ok,
0,0,0,1,2,GausianProzess,EI,5,200,9,144.97809408,-5.790212891602579,17.345787108397417,9.631780382045406,ok,
0,0,0,1,2,GausianProzess,EI,5,200,10,144.97809408,-5.790212891602579,37.05645889165531,11.614711045867367,ok,
0,0,0,1,2,GausianProzess,EI,5,200,11,144.97809408,-5.790212891602579,31.97151664692356,5.4092243604619314,ok,
0,0,0,1,2,GausianProzess,EI,5,200,12,144.97809408,-5.790212891602579,21.451753394400527,4.543118489206334,ok,
0,0,0,1,2,GausianProzess,EI,5,200,13,144.97809408,-5.790212891602579,10.36867563811623,9.885722541256593,ok,
0,0,0,1,2,GausianProzess,EI,5,200,14,144.97809408,-5.790212891602579,45.766369022159864,4.0521266578380795,ok,
0,0,0,1,2,GausianProzess,EI,5,200,15,144.97809408,-5.790212891602579,44.90797717751755,10.989048838033872,ok,
0,0,0,1,2,GausianProzess,EI,5,200,16,144.97809408,-5.790212891602579,-5.790212891602579,0.39241782664268865,ok,
0,0,0,1,2,GausianProzess,EI,5,200,17,144.97809408,-5.790212891602579,27.310118014481503,7.980996874874946,ok,
0,0,0,1,2,GausianProzess,EI,5,200,18,144.97809408,-5.790212891602579,-5.790212891602579,0.39241782664268865,ok,
0,0,0,1,2,GausianProzess,EI,5,200,19,144.97809408,-5.790212891602579,-5.790212891602579,0.39241782664268865,ok,
0,0,0,1,2,GausianProzess,EI,5,200,20,144.97809408,-5.790212891602579,-5.790212891602579,0.39241782664268865,ok,
0,0,0,1,2,GausianProzess,EI,5,200,21,144.97809408,-5.790212891602579,-5.790212891602579,0.39241782664268865,ok,
0,0,0,1,2,GausianProzess,EI,5,200,22,144.97809408,-5.790212891602579,-5.790212891602579,0.39241782664268865,ok,
0,0,0,1,2,GausianProzess,EI,5,200,23,144.97809408,-5.790212891602579,-5.790212891602579,0.39241782664268865,ok,
0,0,0,1,2,GausianProzess,EI,5,200,24,144.97809408,-5.790212891602579,-5.790212891602579,0.39241782664268865,ok,
0,0,0,1,2,GausianProzess,EI,5,200,25,144.97809408,-5.790212891602579,-5.790212891602579,0.39241782664268865,ok,
0,0,0,1,2,GausianProzess,EI,5,200,26,144.97809408,-5.790212891602579,-5.790212891602579,0.39241782664268865,ok,
0,0,0,1,2,GausianProzess,EI,5,200,27,144.97809408,-5.790212891602579,-5.790212891602579,0.39241782664268865,ok,
0,0,0,1,2,GausianProzess,EI,5,200,28,144.97809408,-5.790212891602579,-5.790212891602579,0.39241782664268865,ok,
0,0,0,1,2,GausianProzess,EI,5,200,29,144.97809408,-5.790212891602579,-5.790212891602579,0.39241782664268865,ok,
0,0,0,1,2,GausianProzess,EI,5,200,30,144.97809408,-5.790212891602579,-5.790212891602579,0.39241782664268865,ok,
0,0,0,1,2,GausianProzess,EI,5,200,31,144.97809408,-5.790212891602579,-5.790212891602579,0.39241782664268865,ok,
0,0,0,1,2,GausianProzess,EI,5,200,32,144.97809408,-5.790212891602579,-5.790212891602579,0.39241782664268865,ok,
0,0,0,1,2,GausianProzess,EI,5,200,33,144.97809408,-5.790212891602579,-5.790212891602579,0.39241782664268865,ok,
0,0,0,1,2,GausianProzess,EI,5,200,34,144.97809408,-5.790212891602579,-5.790212891602579,0.39241782664268865,ok,
0,0,0,1,2,GausianProzess,EI,5,200,35,144.97809408,-5.790212891602579,-5.790212891602579,0.39241782664268865,ok,
0,0,0,1,2,GausianProzess,EI,5,200,36,144.97809408,-5.790212891602579,-5.790212891602579,0.39241782664268865,ok,
0,0,0,1,2,GausianProzess,EI,5,200,37,144.97809408,-5.790212891602579,-5.790212891602579,0.39241782664268865,ok,
0,0,0,1,2,GausianProzess,EI,5,200,38,144.97809408,-5.790212891602579,-5.790212891602579,0.39241782664268865,ok,
0,0,0,1,2,GausianProzess,EI,5,200,39,144.97809408,-5.790212891602579,-5.790212891602579,0.39241782664268865,ok,
0,0,0,1,2,GausianProzess,EI,5,200,40,144.97809408,-5.790212891602579,-5.790212891602579,0.39241782664268865,ok,
0,0,0,1,2,GausianProzess,EI,5,200,41,144.97809408,-5.790212891602579,-5.790212891602579,0.39241782664268865,ok,
0,0,0,1,2,GausianProzess,EI,5,200,42,144.97809408,-5.790212891602579,-5.790212891602579,0.39241782664268865,ok,
0,0,0,1,2,GausianProzess,EI,5,200,43,144.97809408,-5.790212891602579,-5.790212891602579,0.39241782664268865,ok,
0,0,0,1,2,GausianProzess,EI,5,200,44,144.97809408,-5.790212891602579,-5.790212891602579,0.39241782664268865,ok,
0,0,0,1,2,GausianProzess,EI,5,200,45,144.97809408,-5.790212891602579,-5.790212891602579,0.39241782664268865,ok,
0,0,0,1,2,GausianProzess,EI,5,200,46,144.97809408,-5.790212891602579,-5.790212891602579,0.39241782664268865,ok,
0,0,0,1,2,GausianProzess,EI,5,200,47,144.97809408,-5.790212891602579,-5.790212891602579,0.39241782664268865,ok,
0,0,0,1,2,GausianProzess,EI,5,200,48,144.97809408,-5.790212891602579,-5.790212891602579,0.39241782664268865,ok,
0,0,0,1,2,GausianProzess,EI,5,200,49,144.97809408,-5.790212891602579,-5.790212891602579,0.39241782664268865,ok,
0,0,0,1,2,GausianProzess,EI,5,200,50,144.97809408,-5.790212891602579,-5.790212891602579,0.39241782664268865,ok,
0,0,0,1,2,GausianProzess,EI,5,200,51,144.97809408,-5.790212891602579,-5.790212891602579,0.39241782664268865,ok,
0,0,0,1,2,GausianProzess,EI,5,200,52,144.97809408,-5.790212891602579,-5.790212891602579,0.39241782664268865,ok,
0,0,0,1,2,GausianProzess,EI,5,200,53,144.97809408,-5.790212891602579,-5.790212891602579,0.39241782664268865,ok,
0,0,0,1,2,GausianProzess,EI,5,200,54,144.97809408,-5.790212891602579,-5.790212891602579,0.39241782664268865,ok,
0,0,0,1,2,GausianProzess,EI,5,200,55,144.97809408,-5.790212891602579,-5.790212891602579,0.39241782664268865,ok,
0,0,0,1,2,GausianProzess,EI,5,200,56,144.97809408,-5.790212891602579,-5.790212891602579,0.39241782664268865,ok,
0,0,0,1,2,GausianProzess,EI,5,200,57,144.97809408,-5.790212891602579,58.469956149074065,7.840998338418999,ok,
0,0,0,1,2,GausianProzess,EI,5,200,58,144.97809408,-5.790212891602579,-5.790212891602579,0.39241782664268865,ok,
0,0,0,1,2,GausianProzess,EI,5,200,59,144.97809408,-5.790212891602579,-5.790212891602579,0.39241782664268865,ok,
0,0,0,1,2,GausianProzess,EI,5,200,60,144.97809408,-5.790212891602579,-5.790212891602579,0.39241782664268865,ok,
0,0,0,1,2,GausianProzess,EI,5,200,61,144.97809408,-5.790212891602579,-5.790212891602579,0.39241782664268865,ok,
0,0,0,1,2,GausianProzess,EI,5,200,62,144.97809408,-5.790212891602579,-5.790212891602579,0.39241782664268865,ok,
0,0,0,1,2,GausianProzess,EI,5,200,63,144.97809408,-5.790212891602579,-5.790212891602579,0.39241782664268865,ok,
0,0,0,1,2,GausianProzess,EI,5,200,64,144.97809408,-5.790212891602579,-5.790212891602579,0.39241782664268865,ok,
0,0,0,1,2,GausianProzess,EI,5,200,65,144.97809408,-5.790212891602579,-5.790212891602579,0.39241782664268865,ok,
0,0,0,1,2,GausianProzess,EI,5,200,66,144.97809408,-5.790212891602579,-5.790212891602579,0.39241782664268865,ok,
0,0,0,1,2,GausianProzess,EI,5,200,67,144.97809408,-5.790212891602579,-5.790212891602579,0.39241782664268865,ok,
0,0,0,1,2,GausianProzess,EI,5,200,68,144.97809408,-5.790212891602579,-5.790212891602579,0.39241782664268865,ok,
0,0,0,1,2,GausianProzess,EI,5,200,69,144.97809408,-5.790212891602579,-5.790212891602579,0.39241782664268865,ok,
0,0,0,1,2,GausianProzess,EI,5,200,70,144.97809408,-5.790212891602579,-5.790212891602579,0.39241782664268865,ok,
0,0,0,1,2,GausianProzess,EI,5,200,71,144.97809408,-5.790212891602579,-5.790212891602579,0.39241782664268865,ok,
0,0,0,1,2,GausianProzess,EI,5,200,72,144.97809408,-5.790212891602579,-5.790212891602579,0.39241782664268865,ok,
0,0,0,1,2,GausianProzess,EI,5,200,73,144.97809408,-5.790212891602579,-5.790212891602579,0.39241782664268865,ok,
0,0,0,1,2,GausianProzess,EI,5,200,74,144.97809408,-5.790212891602579,-5.790212891602579,0.39241782664268865,ok,
0,0,0,1,2,GausianProzess,EI,5,200,75,144.97809408,-5.790212891602579,-5.790212891602579,0.39241782664268865,ok,
0,0,0,1,2,GausianProzess,EI,5,200,76,144.97809408,-5.790212891602579,-5.790212891602579,0.39241782664268865,ok,
0,0,0,1,2,GausianProzess,EI,5,200,77,144.97809408,-5.790212891602579,-5.790212891602579,0.39241782664268865,ok,
0,0,0,1,2,GausianProzess,EI,5,200,78,144.97809408,-5.790212891602579,-5.790212891602579,0.39241782664268865,ok,
0,0,0,1,2,GausianProzess,EI,5,200,79,144.97809408,-5.790212891602579,-5.790212891602579,0.39241782664268865,ok,
0,0,0,1,2,GausianProzess,EI,5,200,80,144.97809408,-5.790212891602579,-5.790212891602579,0.39241782664268865,ok,
0,0,0,1,2,GausianProzess,EI,5,200,81,144.97809408,-5.790212891602579,-5.790212891602579,0.39241782664268865,ok,
0,0,0,1,2,GausianProzess,EI,5,200,82,144.97809408,-5.790212891602579,-5.790212891602579,0.39241782664268865,ok,
0,0,0,1,2,GausianProzess,EI,5,200,83,144.97809408,-5.790212891602579,-5.790212891602579,0.39241782664268865,ok,
0,0,0,1,2,GausianProzess,EI,5,200,84,144.97809408,-5.790212891602579,-5.790212891602579,0.39241782664268865,ok,
0,0,0,1,2,GausianProzess,EI,5,200,85,144.97809408,-5.790212891602579,-5.790212891602579,0.39241782664268865,ok,
0,0,0,1,2,GausianProzess,EI,5,200,86,144.97809408,-5.790212891602579,-5.790212891602579,0.39241782664268865,ok,
0,0,0,1,2,GausianProzess,EI,5,200,87,144.97809408,-5.790212891602579,-5.790212891602579,0.39241782664268865,ok,
0,0,0,1,2,GausianProzess,EI,5,200,88,144.97809408,-5.790212891602579,-5.790212891602579,0.39241782664268865,ok,
0,0,0,1,2,GausianProzess,EI,5,200,89,144.97809408,-5.790212891602579,-5.790212891602579,0.39241782664268865,ok,
0,0,0,1,2,GausianProzess,EI,5,200,90,144.97809408,-5.790212891602579,-5.790212891602579,0.39241782664268865,ok,
0,0,0,1,2,GausianProzess,EI,5,200,91,144.97809408,-5.790212891602579,-5.790212891602579,0.39241782664268865,ok,
0,0,0,1,2,GausianProzess,EI,5,200,92,144.97809408,-5.790212891602579,-5.790212891602579,0.39241782664268865,ok,
0,0,0,1,2,GausianProzess,EI,5,200,93,144.97809408,-5.790212891602579,-5.790212891602579,0.39241782664268865,ok,
0,0,0,1,2,GausianProzess,EI,5,200,94,144.97809408,-5.790212891602579,-5.790212891602579,0.39241782664268865,ok,
0,0,0,1,2,GausianProzess,EI,5,200,95,144.97809408,-5.790212891602579,-5.790212891602579,0.39241782664268865,ok,
0,0,0,1,2,GausianProzess,EI,5,200,96,144.97809408,-5.790212891602579,-5.790212891602579,0.39241782664268865,ok,
0,0,0,1,2,GausianProzess,EI,5,200,97,144.97809408,-5.790212891602579,-5.790212891602579,0.39241782664268865,ok,
0,0,0,1,2,GausianProzess,EI,5,200,98,144.97809408,-5.790212891602579,-5.790212891602579,0.39241782664268865,ok,
0,0,0,1,2,GausianProzess,EI,5,200,99,144.97809408,-5.790212891602579,-5.790212891602579,0.39241782664268865,ok,
0,0,0,1,2,GausianProzess,EI,5,200,100,144.97809408,-5.790212891602579,-5.790212891602579,0.39241782664268865,ok,
0,0,0,1,2,GausianProzess,EI,5,200,101,144.97809408,-5.790212891602579,-5.790212891602579,0.39241782664268865,ok,
0,0,0,1,2,GausianProzess,EI,5,200,102,144.97809408,-5.790212891602579,-5.790212891602579,0.39241782664268865,ok,
0,0,0,1,2,GausianProzess,EI,5,200,103,144.97809408,-5.790212891602579,-5.790212891602579,0.39241782664268865,ok,
0,0,0,1,2,GausianProzess,EI,5,200,104,144.97809408,-5.790212891602579,-5.790212891602579,0.39241782664268865,ok,
0,0,0,1,2,GausianProzess,EI,5,200,105,144.97809408,-5.790212891602579,-5.790212891602579,0.39241782664268865,ok,
0,0,0,1,2,GausianProzess,EI,5,200,106,144.97809408,-5.790212891602579,-5.790212891602579,0.39241782664268865,ok,
0,0,0,1,2,GausianProzess,EI,5,200,107,144.97809408,-5.790212891602579,-5.790212891602579,0.39241782664268865,ok,
0,0,0,1,2,GausianProzess,EI,5,200,108,144.97809408,-5.790212891602579,-5.790212891602579,0.39241782664268865,ok,
0,0,0,1,2,GausianProzess,EI,5,200,109,144.97809408,-5.790212891602579,-5.790212891602579,0.39241782664268865,ok,
0,0,0,1,2,GausianProzess,EI,5,200,110,144.97809408,-5.790212891602579,-5.790212891602579,0.39241782664268865,ok,
0,0,0,1,2,GausianProzess,EI,5,200,111,144.97809408,-5.790212891602579,-5.790212891602579,0.39241782664268865,ok,
0,0,0,1,2,GausianProzess,EI,5,200,112,144.97809408,-5.790212891602579,-5.790212891602579,0.39241782664268865,ok,
0,0,0,1,2,GausianProzess,EI,5,200,113,144.97809408,-5.790212891602579,-5.790212891602579,0.39241782664268865,ok,
0,0,0,1,2,GausianProzess,EI,5,200,114,144.97809408,-5.790212891602579,-5.790212891602579,0.39241782664268865,ok,
0,0,0,1,2,GausianProzess,EI,5,200,115,144.97809408,-5.790212891602579,-5.790212891602579,0.39241782664268865,ok,
0,0,0,1,2,GausianProzess,EI,5,200,116,144.97809408,-5.790212891602579,-5.790212891602579,0.39241782664268865,ok,
0,0,0,1,2,GausianProzess,EI,5,200,117,144.97809408,-5.790212891602579,-5.790212891602579,0.39241782664268865,ok,
0,0,0,1,2,GausianProzess,EI,5,200,118,144.97809408,-5.790212891602579,-5.790212891602579,0.39241782664268865,ok,
0,0,0,1,2,GausianProzess,EI,5,200,119,144.97809408,-5.790212891602579,-5.790212891602579,0.39241782664268865,ok,
0,0,0,1,2,GausianProzess,EI,5,200,120,144.97809408,-5.790212891602579,-5.790212891602579,0.39241782664268865,ok,
0,0,0,1,2,GausianProzess,EI,5,200,121,144.97809408,-5.790212891602579,-5.790212891602579,0.39241782664268865,ok,
0,0,0,1,2,GausianProzess,EI,5,200,122,144.97809408,-5.790212891602579,-5.790212891602579,0.39241782664268865,ok,
0,0,0,1,2,GausianProzess,EI,5,200,123,144.97809408,-5.790212891602579,-5.790212891602579,0.39241782664268865,ok,
0,0,0,1,2,GausianProzess,EI,5,200,124,144.97809408,-5.790212891602579,-5.790212891602579,0.39241782664268865,ok,
0,0,0,1,2,GausianProzess,EI,5,200,125,144.97809408,-5.790212891602579,-5.790212891602579,0.39241782664268865,ok,
0,0,0,1,2,GausianProzess,EI,5,200,126,144.97809408,-5.790212891602579,-5.790212891602579,0.39241782664268865,ok,
0,0,0,1,2,GausianProzess,EI,5,200,127,144.97809408,-5.790212891602579,-5.790212891602579,0.39241782664268865,ok,
0,0,0,1,2,GausianProzess,EI,5,200,128,144.97809408,-5.790212891602579,-5.790212891602579,0.39241782664268865,ok,
0,0,0,1,2,GausianProzess,EI,5,200,129,144.97809408,-5.790212891602579,-5.790212891602579,0.39241782664268865,ok,
0,0,0,1,2,GausianProzess,EI,5,200,130,144.97809408,-5.790212891602579,-5.790212891602579,0.39241782664268865,ok,
0,0,0,1,2,GausianProzess,EI,5,200,131,144.97809408,-5.790212891602579,-5.790212891602579,0.39241782664268865,ok,
0,0,0,1,2,GausianProzess,EI,5,200,132,144.97809408,-5.790212891602579,-5.790212891602579,0.39241782664268865,ok,
0,0,0,1,2,GausianProzess,EI,5,200,133,144.97809408,-5.790212891602579,-5.790212891602579,0.39241782664268865,ok,
0,0,0,1,2,GausianProzess,EI,5,200,134,144.97809408,-5.790212891602579,-5.790212891602579,0.39241782664268865,ok,
0,0,0,1,2,GausianProzess,EI,5,200,135,144.97809408,-5.790212891602579,-5.790212891602579,0.39241782664268865,ok,
0,0,0,1,2,GausianProzess,EI,5,200,136,144.97809408,-5.790212891602579,-5.790212891602579,0.39241782664268865,ok,
0,0,0,1,2,GausianProzess,EI,5,200,137,144.97809408,-5.790212891602579,-5.790212891602579,0.39241782664268865,ok,
0,0,0,1,2,GausianProzess,EI,5,200,138,144.97809408,-5.790212891602579,-5.790212891602579,0.39241782664268865,ok,
0,0,0,1,2,GausianProzess,EI,5,200,139,144.97809408,-5.790212891602579,-5.790212891602579,0.39241782664268865,ok,
0,0,0,1,2,GausianProzess,EI,5,200,140,144.97809408,-5.790212891602579,-5.790212891602579,0.39241782664268865,ok,
0,0,0,1,2,GausianProzess,EI,5,200,141,144.97809408,-5.790212891602579,-5.790212891602579,0.39241782664268865,ok,
0,0,0,1,2,GausianProzess,EI,5,200,142,144.97809408,-5.790212891602579,-5.790212891602579,0.39241782664268865,ok,
0,0,0,1,2,GausianProzess,EI,5,200,143,144.97809408,-5.790212891602579,-5.790212891602579,0.39241782664268865,ok,
0,0,0,1,2,GausianProzess,EI,5,200,144,144.97809408,-5.790212891602579,-5.790212891602579,0.39241782664268865,ok,
0,0,0,1,2,GausianProzess,EI,5,200,145,144.97809408,-5.790212891602579,-5.790212891602579,0.39241782664268865,ok,
0,0,0,1,2,GausianProzess,EI,5,200,146,144.97809408,-5.790212891602579,-5.790212891602579,0.39241782664268865,ok,
0,0,0,1,2,GausianProzess,EI,5,200,147,144.97809408,-5.790212891602579,-5.790212891602579,0.39241782664268865,ok,
0,0,0,1,2,GausianProzess,EI,5,200,148,144.97809408,-5.790212891602579,-5.790212891602579,0.39241782664268865,ok,
0,0,0,1,2,GausianProzess,EI,5,200,149,144.97809408,-5.790212891602579,-5.790212891602579,0.39241782664268865,ok,
0,0,0,1,2,GausianProzess,EI,5,200,150,144.97809408,-5.790212891602579,-5.790212891602579,0.39241782664268865,ok,
0,0,0,1,2,GausianProzess,EI,5,200,151,144.97809408,-5.790212891602579,-5.790212891602579,0.39241782664268865,ok,
0,0,0,1,2,GausianProzess,EI,5,200,152,144.97809408,-5.790212891602579,-5.790212891602579,0.39241782664268865,ok,
0,0,0,1,2,GausianProzess,EI,5,200,153,144.97809408,-5.790212891602579,-5.790212891602579,0.39241782664268865,ok,
0,0,0,1,2,GausianProzess,EI,5,200,154,144.97809408,-5.790212891602579,-5.790212891602579,0.39241782664268865,ok,
0,0,0,1,2,GausianProzess,EI,5,200,155,144.97809408,-5.790212891602579,-5.790212891602579,0.39241782664268865,ok,
0,0,0,1,2,GausianProzess,EI,5,200,156,144.97809408,-5.790212891602579,-5.790212891602579,0.39241782664268865,ok,
0,0,0,1,2,GausianProzess,EI,5,200,157,144.97809408,-5.790212891602579,-5.790212891602579,0.39241782664268865,ok,
0,0,0,1,2,GausianProzess,EI,5,200,158,144.97809408,-5.790212891602579,-5.790212891602579,0.39241782664268865,ok,
0,0,0,1,2,GausianProzess,EI,5,200,159,144.97809408,-5.790212891602579,-5.790212891602579,0.39241782664268865,ok,
0,0,0,1,2,GausianProzess,EI,5,200,160,144.97809408,-5.790212891602579,-5.790212891602579,0.39241782664268865,ok,
0,0,0,1,2,GausianProzess,EI,5,200,161,144.97809408,-5.790212891602579,-5.790212891602579,0.39241782664268865,ok,
0,0,0,1,2,GausianProzess,EI,5,200,162,144.97809408,-5.790212891602579,-5.790212891602579,0.39241782664268865,ok,
0,0,0,1,2,GausianProzess,EI,5,200,163,144.97809408,-5.790212891602579,-5.790212891602579,0.39241782664268865,ok,
0,0,0,1,2,GausianProzess,EI,5,200,164,144.97809408,-5.790212891602579,-5.790212891602579,0.39241782664268865,ok,
0,0,0,1,2,GausianProzess,EI,5,200,165,144.97809408,-5.790212891602579,-5.790212891602579,0.39241782664268865,ok,
0,0,0,1,2,GausianProzess,EI,5,200,166,144.97809408,-5.790212891602579,-5.790212891602579,0.39241782664268865,ok,
0,0,0,1,2,GausianProzess,EI,5,200,167,144.97809408,-5.790212891602579,-5.790212891602579,0.39241782664268865,ok,
0,0,0,1,2,GausianProzess,EI,5,200,168,144.97809408,-5.790212891602579,-5.790212891602579,0.39241782664268865,ok,
0,0,0,1,2,GausianProzess,EI,5,200,169,144.97809408,-5.790212891602579,-5.790212891602579,0.39241782664268865,ok,
0,0,0,1,2,GausianProzess,EI,5,200,170,144.97809408,-5.790212891602579,-5.790212891602579,0.39241782664268865,ok,
0,0,0,1,2,GausianProzess,EI,5,200,171,144.97809408,-5.790212891602579,-5.790212891602579,0.39241782664268865,ok,
0,0,0,1,2,GausianProzess,EI,5,200,172,144.97809408,-5.790212891602579,-5.790212891602579,0.39241782664268865,ok,
0,0,0,1,2,GausianProzess,EI,5,200,173,144.97809408,-5.790212891602579,-5.790212891602579,0.39241782664268865,ok,
0,0,0,1,2,GausianProzess,EI,5,200,174,144.97809408,-5.790212891602579,-5.790212891602579,0.39241782664268865,ok,
0,0,0,1,2,GausianProzess,EI,5,200,175,144.97809408,-5.790212891602579,-5.790212891602579,0.39241782664268865,ok,
0,0,0,1,2,GausianProzess,EI,5,200,176,144.97809408,-5.790212891602579,-5.790212891602579,0.39241782664268865,ok,
0,0,0,1,2,GausianProzess,EI,5,200,177,144.97809408,-5.790212891602579,-5.790212891602579,0.39241782664268865,ok,
0,0,0,1,2,GausianProzess,EI,5,200,178,144.97809408,-5.790212891602579,-5.790212891602579,0.39241782664268865,ok,
0,0,0,1,2,GausianProzess,EI,5,200,179,144.97809408,-5.790212891602579,-5.790212891602579,0.39241782664268865,ok,
0,0,0,1,2,GausianProzess,EI,5,200,180,144.97809408,-5.790212891602579,-5.790212891602579,0.39241782664268865,ok,
0,0,0,1,2,GausianProzess,EI,5,200,181,144.97809408,-5.790212891602579,-5.790212891602579,0.39241782664268865,ok,
0,0,0,1,2,GausianProzess,EI,5,200,182,144.97809408,-5.790212891602579,-5.790212891602579,0.39241782664268865,ok,
0,0,0,1,2,GausianProzess,EI,5,200,183,144.97809408,-5.790212891602579,-5.790212891602579,0.39241782664268865,ok,
0,0,0,1,2,GausianProzess,EI,5,200,184,144.97809408,-5.790212891602579,-5.790212891602579,0.39241782664268865,ok,
0,0,0,1,2,GausianProzess,EI,5,200,185,144.97809408,-5.790212891602579,-5.790212891602579,0.39241782664268865,ok,
0,0,0,1,2,GausianProzess,EI,5,200,186,144.97809408,-5.790212891602579,-5.790212891602579,0.39241782664268865,ok,
0,0,0,1,2,GausianProzess,EI,5,200,187,144.97809408,-5.790212891602579,-5.790212891602579,0.39241782664268865,ok,
0,0,0,1,2,GausianProzess,EI,5,200,188,144.97809408,-5.790212891602579,-5.790212891602579,0.39241782664268865,ok,
0,0,0,1,2,GausianProzess,EI,5,200,189,144.97809408,-5.790212891602579,-5.790212891602579,0.39241782664268865,ok,
0,0,0,1,2,GausianProzess,EI,5,200,190,144.97809408,-5.790212891602579,-5.790212891602579,0.39241782664268865,ok,
0,0,0,1,2,GausianProzess,EI,5,200,191,144.97809408,-5.790212891602579,-5.790212891602579,0.39241782664268865,ok,
0,0,0,1,2,GausianProzess,EI,5,200,192,144.97809408,-5.790212891602579,-5.790212891602579,0.39241782664268865,ok,
0,0,0,1,2,GausianProzess,EI,5,200,193,144.97809408,-5.790212891602579,-5.790212891602579,0.39241782664268865,ok,
0,0,0,1,2,GausianProzess,EI,5,200,194,144.97809408,-5.790212891602579,-5.790212891602579,0.39241782664268865,ok,
0,0,0,1,2,GausianProzess,EI,5,200,195,144.97809408,-5.790212891602579,-5.790212891602579,0.39241782664268865,ok,
0,0,0,1,2,GausianProzess,EI,5,200,196,144.97809408,-5.790212891602579,-5.790212891602579,0.39241782664268865,ok,
0,0,0,1,2,GausianProzess,EI,5,200,197,144.97809408,-5.790212891602579,-5.790212891602579,0.39241782664268865,ok,
0,0,0,1,2,GausianProzess,EI,5,200,198,144.97809408,-5.790212891602579,-5.790212891602579,0.39241782664268865,ok,
0,0,0,1,2,GausianProzess,EI,5,200,199,144.97809408,-5.790212891602579,-5.790212891602579,0.39241782664268865,ok,
0,0,0,1,2,GausianProzess,EI,5,200,200,144.97809408,-5.790212891602579,-5.790212891602579,0.39241782664268865,ok,
1,0,1,1,2,GausianProzess,EI,5,200,1,144.97809408,-5.790212891602579,-5.790212891602579,0.39241782664268865,ok,
1,0,1,1,2,GausianProzess,EI,5,200,2,144.97809408,-5.790212891602579,22.40178710839743,13.787976735944161,ok,
1,0,1,1,2,GausianProzess,EI,5,200,3,144.97809408,-5.790212891602579,-5.790212891602579,0.39241782664268865,ok,
1,0,1,1,2,GausianProzess,EI,5,200,4,144.97809408,-5.790212891602579,7.249986985314223,1.356189908067185,ok,
1,0,1,1,2,GausianProzess,EI,5,200,5,144.97809408,-5.790212891602579,36.660947451646734,11.09450898457035,ok,
1,0,1,1,2,GausianProzess,EI,5,200,6,144.97809408,-5.790212891602579,-0.7342128916025956,9.873758195016205,ok,
1,0,1,1,2,GausianProzess,EI,5,200,7,144.97809408,-5.790212891602579,17.345787108397417,9.631780382045406,ok,
1,0,1,1,2,GausianProzess,EI,5,200,8,144.97809408,-5.790212891602579,32.11449140579167,5.82767725717858,ok,
1,0,1,1,2,GausianProzess,EI,5,200,9,144.97809408,-5.790212891602579,21.61492018456292,5.564088398811723,ok,
1,0,1,1,2,GausianProzess,EI,5,200,10,144.97809408,-5.790212891602579,41.78092814555727,11.845403656725288,ok,
1,0,1,1,2,GausianProzess,EI,5,200,11,144.97809408,-5.790212891602579,-5.790212891602579,0.39241782664268865,ok,
1,0,1,1,2,GausianProzess,EI,5,200,12,144.97809408,-5.790212891602579,-5.790212891602579,0.39241782664268865,ok,
1,0,1,1,2,GausianProzess,EI,5,200,13,144.97809408,-5.790212891602579,-5.790212891602579,0.39241782664268865,ok,
1,0,1,1,2,GausianProzess,EI,5,200,14,144.97809408,-5.790212891602579,13.822593603746654,9.913016404487758,ok,
1,0,1,1,2,GausianProzess,EI,5,200,15,144.97809408,-5.790212891602579,-5.790212891602579,0.39241782664268865,ok,
1,0,1,1,2,GausianProzess,EI,5,200,16,144.97809408,-5.790212891602579,-5.790212891602579,0.39241782664268865,ok,
1,0,1,1,2,GausianProzess,EI,5,200,17,144.97809408,-5.790212891602579,-5.790212891602579,0.39241782664268865,ok,
1,0,1,1,2,GausianProzess,EI,5,200,18,144.97809408,-5.790212891602579,-5.790212891602579,0.39241782664268865,ok,
1,0,1,1,2,GausianProzess,EI,5,200,19,144.97809408,-5.790212891602579,8.130870107997595,8.82478723357982,ok,
1,0,1,1,2,GausianProzess,EI,5,200,20,144.97809408,-5.790212891602579,-5.790212891602579,0.39241782664268865,ok,
1,0,1,1,2,GausianProzess,EI,5,200,21,144.97809408,-5.790212891602579,-5.790212891602579,0.39241782664268865,ok,
1,0,1,1,2,GausianProzess,EI,5,200,22,144.97809408,-5.790212891602579,-5.790212891602579,0.39241782664268865,ok,
1,0,1,1,2,GausianProzess,EI,5,200,23,144.97809408,-5.790212891602579,-5.790212891602579,0.39241782664268865,ok,
1,0,1,1,2,GausianProzess,EI,5,200,24,144.97809408,-5.790212891602579,-5.790212891602579,0.39241782664268865,ok,
1,0,1,1,2,GausianProzess,EI,5,200,25,144.97809408,-5.790212891602579,-5.790212891602579,0.39241782664268865,ok,
1,0,1,1,2,GausianProzess,EI,5,200,26,144.97809408,-5.790212891602579,-5.790212891602579,0.39241782664268865,ok,
1,0,1,1,2,GausianProzess,EI,5,200,27,144.97809408,-5.790212891602579,-5.790212891602579,0.39241782664268865,ok,
1,0,1,1,2,GausianProzess,EI,5,200,28,144.97809408,-5.790212891602579,-5.790212891602579,0.39241782664268865,ok,
1,0,1,1,2,GausianProzess,EI,5,200,29,144.97809408,-5.790212891602579,-5.790212891602579,0.39241782664268865,ok,
1,0,1,1,2,GausianProzess,EI,5,200,30,144.97809408,-5.790212891602579,-5.790212891602579,0.39241782664268865,ok,
1,0,1,1,2,GausianProzess,EI,5,200,31,144.97809408,-5.790212891602579,-5.790212891602579,0.39241782664268865,ok,
1,0,1,1,2,GausianProzess,EI,5,200,32,144.97809408,-5.790212891602579,-5.790212891602579,0.39241782664268865,ok,
1,0,1,1,2,GausianProzess,EI,5,200,33,144.97809408,-5.790212891602579,-5.790212891602579,0.39241782664268865,ok,
1,0,1,1,2,GausianProzess,EI,5,200,34,144.97809408,-5.790212891602579,-5.790212891602579,0.39241782664268865,ok,
1,0,1,1,2,GausianProzess,EI,5,200,35,144.97809408,-5.790212891602579,-5.790212891602579,0.39241782664268865,ok,
1,0,1,1,2,GausianProzess,EI,5,200,36,144.97809408,-5.790212891602579,-5.790212891602579,0.39241782664268865,ok,
1,0,1,1,2,GausianProzess,EI,5,200,37,144.97809408,-5.790212891602579,-5.790212891602579,0.39241782664268865,ok,
1,0,1,1,2,GausianProzess,EI,5,200,38,144.97809408,-5.790212891602579,-5.790212891602579,0.39241782664268865,ok,
1,0,1,1,2,GausianProzess,EI,5,200,39,144.97809408,-5.790212891602579,-5.790212891602579,0.39241782664268865,ok,
1,0,1,1,2,GausianProzess,EI,5,200,40,144.97809408,-5.790212891602579,-5.790212891602579,0.39241782664268865,ok,
1,0,1,1,2,GausianProzess,EI,5,200,41,144.97809408,-5.790212891602579,-5.790212891602579,0.39241782664268865,ok,
1,0,1,1,2,GausianProzess,EI,5,200,42,144.97809408,-5.790212891602579,-5.790212891602579,0.39241782664268865,ok,
1,0,1,1,2,GausianProzess,EI,5,200,43,144.97809408,-5.790212891602579,-5.790212891602579,0.39241782664268865,ok,
1,0,1,1,2,GausianProzess,EI,5,200,44,144.97809408,-5.790212891602579,-5.790212891602579,0.39241782664268865,ok,
1,0,1,1,2,GausianProzess,EI,5,200,45,144.97809408,-5.790212891602579,-5.790212891602579,0.39241782664268865,ok,
1,0,1,1,2,GausianProzess,EI,5,200,46,144.97809408,-5.790212891602579,-5.790212891602579,0.39241782664268865,ok,
1,0,1,1,2,GausianProzess,EI,5,200,47,144.97809408,-5.790212891602579,-5.790212891602579,0.39241782664268865,ok,
1,0,1,1,2,GausianProzess,EI,5,200,48,144.97809408,-5.790212891602579,-5.790212891602579,0.39241782664268865,ok,
1,0,1,1,2,GausianProzess,EI,5,200,49,144.97809408,-5.790212891602579,-5.790212891602579,0.39241782664268865,ok,
1,0,1,1,2,GausianProzess,EI,5,200,50,144.97809408,-5.790212891602579,-5.790212891602579,0.39241782664268865,ok,
1,0,1,1,2,GausianProzess,EI,5,200,51,144.97809408,-5.790212891602579,-5.790212891602579,0.39241782664268865,ok,
1,0,1,1,2,GausianProzess,EI,5,200,52,144.97809408,-5.790212891602579,-5.790212891602579,0.39241782664268865,ok,
1,0,1,1,2,GausianProzess,EI,5,200,53,144.97809408,-5.790212891602579,-5.790212891602579,0.39241782664268865,ok,
1,0,1,1,2,GausianProzess,EI,5,200,54,144.97809408,-5.790212891602579,-5.790212891602579,0.39241782664268865,ok,
1,0,1,1,2,GausianProzess,EI,5,200,55,144.97809408,-5.790212891602579,-5.790212891602579,0.39241782664268865,ok,
1,0,1,1,2,GausianProzess,EI,5,200,56,144.97809408,-5.790212891602579,-5.790212891602579,0.39241782664268865,ok,
1,0,1,1,2,GausianProzess,EI,5,200,57,144.97809408,-5.790212891602579,-5.790212891602579,0.39241782664268865,ok,
1,0,1,1,2,GausianProzess,EI,5,200,58,144.97809408,-5.790212891602579,-5.790212891602579,0.39241782664268865,ok,
1,0,1,1,2,GausianProzess,EI,5,200,59,144.97809408,-5.790212891602579,-5.790212891602579,0.39241782664268865,ok,
1,0,1,1,2,GausianProzess,EI,5,200,60,144.97809408,-5.790212891602579,-5.790212891602579,0.39241782664268865,ok,
1,0,1,1,2,GausianProzess,EI,5,200,61,144.97809408,-5.790212891602579,-5.790212891602579,0.39241782664268865,ok,
1,0,1,1,2,GausianProzess,EI,5,200,62,144.97809408,-5.790212891602579,-5.790212891602579,0.39241782664268865,ok,
1,0,1,1,2,GausianProzess,EI,5,200,63,144.97809408,-5.790212891602579,-5.790212891602579,0.39241782664268865,ok,
1,0,1,1,2,GausianProzess,EI,5,200,64,144.97809408,-5.790212891602579,-5.790212891602579,0.39241782664268865,ok,
1,0,1,1,2,GausianProzess,EI,5,200,65,144.97809408,-5.790212891602579,-5.790212891602579,0.39241782664268865,ok,
1,0,1,1,2,GausianProzess,EI,5,200,66,144.97809408,-5.790212891602579,-5.790212891602579,0.39241782664268865,ok,
1,0,1,1,2,GausianProzess,EI,5,200,67,144.97809408,-5.790212891602579,-5.790212891602579,0.39241782664268865,ok,
1,0,1,1,2,GausianProzess,EI,5,200,68,144.97809408,-5.790212891602579,-5.790212891602579,0.39241782664268865,ok,
1,0,1,1,2,GausianProzess,EI,5,200,69,144.97809408,-5.790212891602579,-5.790212891602579,0.39241782664268865,ok,
1,0,1,1,2,GausianProzess,EI,5,200,70,144.97809408,-5.790212891602579,-5.790212891602579,0.39241782664268865,ok,
1,0,1,1,2,GausianProzess,EI,5,200,71,144.97809408,-5.790212891602579,-5.790212891602579,0.39241782664268865,ok,
1,0,1,1,2,GausianProzess,EI,5,200,72,144.97809408,-5.790212891602579,-5.790212891602579,0.39241782664268865,ok,
1,0,1,1,2,GausianProzess,EI,5,200,73,144.97809408,-5.790212891602579,-5.790212891602579,0.39241782664268865,ok,
1,0,1,1,2,GausianProzess,EI,5,200,74,144.97809408,-5.790212891602579,-5.790212891602579,0.39241782664268865,ok,
1,0,1,1,2,GausianProzess,EI,5,200,75,144.97809408,-5.790212891602579,-5.790212891602579,0.39241782664268865,ok,
1,0,1,1,2,GausianProzess,EI,5,200,76,144.97809408,-5.790212891602579,-5.790212891602579,0.39241782664268865,ok,
1,0,1,1,2,GausianProzess,EI,5,200,77,144.97809408,-5.790212891602579,-5.790212891602579,0.39241782664268865,ok,
1,0,1,1,2,GausianProzess,EI,5,200,78,144.97809408,-5.790212891602579,-5.790212891602579,0.39241782664268865,ok,
1,0,1,1,2,GausianProzess,EI,5,200,79,144.97809408,-5.790212891602579,-5.790212891602579,0.39241782664268865,ok,
1,0,1,1,2,GausianProzess,EI,5,200,80,144.97809408,-5.790212891602579,-5.790212891602579,0.39241782664268865,ok,
1,0,1,1,2,GausianProzess,EI,5,200,81,144.97809408,-5.790212891602579,-5.790212891602579,0.39241782664268865,ok,
1,0,1,1,2,GausianProzess,EI,5,200,82,144.97809408,-5.790212891602579,-5.790212891602579,0.39241782664268865,ok,
1,0,1,1,2,GausianProzess,EI,5,200,83,144.97809408,-5.790212891602579,-5.790212891602579,0.39241782664268865,ok,
1,0,1,1,2,GausianProzess,EI,5,200,84,144.97809408,-5.790212891602579,-5.790212891602579,0.39241782664268865,ok,
1,0,1,1,2,GausianProzess,EI,5,200,85,144.97809408,-5.790212891602579,-5.790212891602579,0.39241782664268865,ok,
1,0,1,1,2,GausianProzess,EI,5,200,86,144.97809408,-5.790212891602579,-5.790212891602579,0.39241782664268865,ok,
1,0,1,1,2,GausianProzess,EI,5,200,87,144.97809408,-5.790212891602579,-5.790212891602579,0.39241782664268865,ok,
1,0,1,1,2,GausianProzess,EI,5,200,88,144.97809408,-5.790212891602579,-5.790212891602579,0.39241782664268865,ok,
1,0,1,1,2,GausianProzess,EI,5,200,89,144.97809408,-5.790212891602579,-5.790212891602579,0.39241782664268865,ok,
1,0,1,1,2,GausianProzess,EI,5,200,90,144.97809408,-5.790212891602579,-5.790212891602579,0.39241782664268865,ok,
1,0,1,1,2,GausianProzess,EI,5,200,91,144.97809408,-5.790212891602579,-5.790212891602579,0.39241782664268865,ok,
1,0,1,1,2,GausianProzess,EI,5,200,92,144.97809408,-5.790212891602579,-5.790212891602579,0.39241782664268865,ok,
1,0,1,1,2,GausianProzess,EI,5,200,93,144.97809408,-5.790212891602579,-5.790212891602579,0.39241782664268865,ok,
1,0,1,1,2,GausianProzess,EI,5,200,94,144.97809408,-5.790212891602579,-5.790212891602579,0.39241782664268865,ok,
1,0,1,1,2,GausianProzess,EI,5,200,95,144.97809408,-5.790212891602579,-5.790212891602579,0.39241782664268865,ok,
1,0,1,1,2,GausianProzess,EI,5,200,96,144.97809408,-5.790212891602579,-5.790212891602579,0.39241782664268865,ok,
1,0,1,1,2,GausianProzess,EI,5,200,97,144.97809408,-5.790212891602579,-5.790212891602579,0.39241782664268865,ok,
1,0,1,1,2,GausianProzess,EI,5,200,98,144.97809408,-5.790212891602579,-5.790212891602579,0.39241782664268865,ok,
1,0,1,1,2,GausianProzess,EI,5,200,99,144.97809408,-5.790212891602579,-5.790212891602579,0.39241782664268865,ok,
1,0,1,1,2,GausianProzess,EI,5,200,100,144.97809408,-5.790212891602579,-5.790212891602579,0.39241782664268865,ok,
1,0,1,1,2,GausianProzess,EI,5,200,101,144.97809408,-5.790212891602579,-5.790212891602579,0.39241782664268865,ok,
1,0,1,1,2,GausianProzess,EI,5,200,102,144.97809408,-5.790212891602579,-5.790212891602579,0.39241782664268865,ok,
1,0,1,1,2,GausianProzess,EI,5,200,103,144.97809408,-5.790212891602579,-5.790212891602579,0.39241782664268865,ok,
1,0,1,1,2,GausianProzess,EI,5,200,104,144.97809408,-5.790212891602579,-5.790212891602579,0.39241782664268865,ok,
1,0,1,1,2,GausianProzess,EI,5,200,105,144.97809408,-5.790212891602579,-5.790212891602579,0.39241782664268865,ok,
1,0,1,1,2,GausianProzess,EI,5,200,106,144.97809408,-5.790212891602579,-5.790212891602579,0.39241782664268865,ok,
1,0,1,1,2,GausianProzess,EI,5,200,107,144.97809408,-5.790212891602579,-5.790212891602579,0.39241782664268865,ok,
1,0,1,1,2,GausianProzess,EI,5,200,108,144.97809408,-5.790212891602579,-5.790212891602579,0.39241782664268865,ok,
1,0,1,1,2,GausianProzess,EI,5,200,109,144.97809408,-5.790212891602579,-5.790212891602579,0.39241782664268865,ok,
1,0,1,1,2,GausianProzess,EI,5,200,110,144.97809408,-5.790212891602579,-5.790212891602579,0.39241782664268865,ok,
1,0,1,1,2,GausianProzess,EI,5,200,111,144.97809408,-5.790212891602579,-5.790212891602579,0.39241782664268865,ok,
1,0,1,1,2,GausianProzess,EI,5,200,112,144.97809408,-5.790212891602579,-5.790212891602579,0.39241782664268865,ok,
1,0,1,1,2,GausianProzess,EI,5,200,113,144.97809408,-5.790212891602579,-5.790212891602579,0.39241782664268865,ok,
1,0,1,1,2,GausianProzess,EI,5,200,114,144.97809408,-5.790212891602579,-5.790212891602579,0.39241782664268865,ok,
1,0,1,1,2,GausianProzess,EI,5,200,115,144.97809408,-5.790212891602579,-5.790212891602579,0.39241782664268865,ok,
1,0,1,1,2,GausianProzess,EI,5,200,116,144.97809408,-5.790212891602579,-5.790212891602579,0.39241782664268865,ok,
1,0,1,1,2,GausianProzess,EI,5,200,117,144.97809408,-5.790212891602579,-5.790212891602579,0.39241782664268865,ok,
1,0,1,1,2,GausianProzess,EI,5,200,118,144.97809408,-5.790212891602579,-5.790212891602579,0.39241782664268865,ok,
1,0,1,1,2,GausianProzess,EI,5,200,119,144.97809408,-5.790212891602579,-5.790212891602579,0.39241782664268865,ok,
1,0,1,1,2,GausianProzess,EI,5,200,120,144.97809408,-5.790212891602579,-5.790212891602579,0.39241782664268865,ok,
1,0,1,1,2,GausianProzess,EI,5,200,121,144.97809408,-5.790212891602579,-5.790212891602579,0.39241782664268865,ok,
1,0,1,1,2,GausianProzess,EI,5,200,122,144.97809408,-5.790212891602579,-5.790212891602579,0.39241782664268865,ok,
1,0,1,1,2,GausianProzess,EI,5,200,123,144.97809408,-5.790212891602579,-5.790212891602579,0.39241782664268865,ok,
1,0,1,1,2,GausianProzess,EI,5,200,124,144.97809408,-5.790212891602579,-5.790212891602579,0.39241782664268865,ok,
1,0,1,1,2,GausianProzess,EI,5,200,125,144.97809408,-5.790212891602579,-5.790212891602579,0.39241782664268865,ok,
1,0,1,1,2,GausianProzess,EI,5,200,126,144.97809408,-5.790212891602579,-5.790212891602579,0.39241782664268865,ok,
1,0,1,1,2,GausianProzess,EI,5,200,127,144.97809408,-5.790212891602579,-5.790212891602579,0.39241782664268865,ok,
1,0,1,1,2,GausianProzess,EI,5,200,128,144.97809408,-5.790212891602579,-5.790212891602579,0.39241782664268865,ok,
1,0,1,1,2,GausianProzess,EI,5,200,129,144.97809408,-5.790212891602579,-5.790212891602579,0.39241782664268865,ok,
1,0,1,1,2,GausianProzess,EI,5,200,130,144.97809408,-5.790212891602579,-5.790212891602579,0.39241782664268865,ok,
1,0,1,1,2,GausianProzess,EI,5,200,131,144.97809408,-5.790212891602579,-5.790212891602579,0.39241782664268865,ok,
1,0,1,1,2,GausianProzess,EI,5,200,132,144.97809408,-5.790212891602579,-5.790212891602579,0.39241782664268865,ok,
1,0,1,1,2,GausianProzess,EI,5,200,133,144.97809408,-5.790212891602579,-5.790212891602579,0.39241782664268865,ok,
1,0,1,1,2,GausianProzess,EI,5,200,134,144.97809408,-5.790212891602579,-5.790212891602579,0.39241782664268865,ok,
1,0,1,1,2,GausianProzess,EI,5,200,135,144.97809408,-5.790212891602579,-5.790212891602579,0.39241782664268865,ok,
1,0,1,1,2,GausianProzess,EI,5,200,136,144.97809408,-5.790212891602579,-5.790212891602579,0.39241782664268865,ok,
1,0,1,1,2,GausianProzess,EI,5,200,137,144.97809408,-5.790212891602579,-5.790212891602579,0.39241782664268865,ok,
1,0,1,1,2,GausianProzess,EI,5,200,138,144.97809408,-5.790212891602579,-5.790212891602579,0.39241782664268865,ok,
1,0,1,1,2,GausianProzess,EI,5,200,139,144.97809408,-5.790212891602579,-5.790212891602579,0.39241782664268865,ok,
1,0,1,1,2,GausianProzess,EI,5,200,140,144.97809408,-5.790212891602579,-5.790212891602579,0.39241782664268865,ok,
1,0,1,1,2,GausianProzess,EI,5,200,141,144.97809408,-5.790212891602579,-5.790212891602579,0.39241782664268865,ok,
1,0,1,1,2,GausianProzess,EI,5,200,142,144.97809408,-5.790212891602579,-5.790212891602579,0.39241782664268865,ok,
1,0,1,1,2,GausianProzess,EI,5,200,143,144.97809408,-5.790212891602579,-5.790212891602579,0.39241782664268865,ok,
1,0,1,1,2,GausianProzess,EI,5,200,144,144.97809408,-5.790212891602579,-5.790212891602579,0.39241782664268865,ok,
1,0,1,1,2,GausianProzess,EI,5,200,145,144.97809408,-5.790212891602579,-5.790212891602579,0.39241782664268865,ok,
1,0,1,1,2,GausianProzess,EI,5,200,146,144.97809408,-5.790212891602579,-5.790212891602579,0.39241782664268865,ok,
1,0,1,1,2,GausianProzess,EI,5,200,147,144.97809408,-5.790212891602579,-5.790212891602579,0.39241782664268865,ok,
1,0,1,1,2,GausianProzess,EI,5,200,148,144.97809408,-5.790212891602579,-5.790212891602579,0.39241782664268865,ok,
1,0,1,1,2,GausianProzess,EI,5,200,149,144.97809408,-5.790212891602579,-5.790212891602579,0.39241782664268865,ok,
1,0,1,1,2,GausianProzess,EI,5,200,150,144.97809408,-5.790212891602579,-5.790212891602579,0.39241782664268865,ok,
1,0,1,1,2,GausianProzess,EI,5,200,151,144.97809408,-5.790212891602579,-5.790212891602579,0.39241782664268865,ok,
1,0,1,1,2,GausianProzess,EI,5,200,152,144.97809408,-5.790212891602579,-5.790212891602579,0.39241782664268865,ok,
1,0,1,1,2,GausianProzess,EI,5,200,153,144.97809408,-5.790212891602579,-5.790212891602579,0.39241782664268865,ok,
1,0,1,1,2,GausianProzess,EI,5,200,154,144.97809408,-5.790212891602579,-5.790212891602579,0.39241782664268865,ok,
1,0,1,1,2,GausianProzess,EI,5,200,155,144.97809408,-5.790212891602579,-5.790212891602579,0.39241782664268865,ok,
1,0,1,1,2,GausianProzess,EI,5,200,156,144.97809408,-5.790212891602579,-5.790212891602579,0.39241782664268865,ok,
1,0,1,1,2,GausianProzess,EI,5,200,157,144.97809408,-5.790212891602579,-5.790212891602579,0.39241782664268865,ok,
1,0,1,1,2,GausianProzess,EI,5,200,158,144.97809408,-5.790212891602579,-5.790212891602579,0.39241782664268865,ok,
1,0,1,1,2,GausianProzess,EI,5,200,159,144.97809408,-5.790212891602579,-5.790212891602579,0.39241782664268865,ok,
1,0,1,1,2,GausianProzess,EI,5,200,160,144.97809408,-5.790212891602579,-5.790212891602579,0.39241782664268865,ok,
1,0,1,1,2,GausianProzess,EI,5,200,161,144.97809408,-5.790212891602579,-5.790212891602579,0.39241782664268865,ok,
1,0,1,1,2,GausianProzess,EI,5,200,162,144.97809408,-5.790212891602579,-5.790212891602579,0.39241782664268865,ok,
1,0,1,1,2,GausianProzess,EI,5,200,163,144.97809408,-5.790212891602579,-5.790212891602579,0.39241782664268865,ok,
1,0,1,1,2,GausianProzess,EI,5,200,164,144.97809408,-5.790212891602579,-5.790212891602579,0.39241782664268865,ok,
1,0,1,1,2,GausianProzess,EI,5,200,165,144.97809408,-5.790212891602579,-5.790212891602579,0.39241782664268865,ok,
1,0,1,1,2,GausianProzess,EI,5,200,166,144.97809408,-5.790212891602579,-5.790212891602579,0.39241782664268865,ok,
1,0,1,1,2,GausianProzess,EI,5,200,167,144.97809408,-5.790212891602579,-5.790212891602579,0.39241782664268865,ok,
1,0,1,1,2,GausianProzess,EI,5,200,168,144.97809408,-5.790212891602579,-5.790212891602579,0.39241782664268865,ok,
1,0,1,1,2,GausianProzess,EI,5,200,169,144.97809408,-5.790212891602579,-5.790212891602579,0.39241782664268865,ok,
1,0,1,1,2,GausianProzess,EI,5,200,170,144.97809408,-5.790212891602579,-5.790212891602579,0.39241782664268865,ok,
1,0,1,1,2,GausianProzess,EI,5,200,171,144.97809408,-5.790212891602579,-5.790212891602579,0.39241782664268865,ok,
1,0,1,1,2,GausianProzess,EI,5,200,172,144.97809408,-5.790212891602579,-5.790212891602579,0.39241782664268865,ok,
1,0,1,1,2,GausianProzess,EI,5,200,173,144.97809408,-5.790212891602579,-5.790212891602579,0.39241782664268865,ok,
1,0,1,1,2,GausianProzess,EI,5,200,174,144.97809408,-5.790212891602579,-5.790212891602579,0.39241782664268865,ok,
1,0,1,1,2,GausianProzess,EI,5,200,175,144.97809408,-5.790212891602579,-5.790212891602579,0.39241782664268865,ok,
1,0,1,1,2,GausianProzess,EI,5,200,176,144.97809408,-5.790212891602579,-5.790212891602579,0.39241782664268865,ok,
1,0,1,1,2,GausianProzess,EI,5,200,177,144.97809408,-5.790212891602579,-5.790212891602579,0.39241782664268865,ok,
1,0,1,1,2,GausianProzess,EI,5,200,178,144.97809408,-5.790212891602579,-5.790212891602579,0.39241782664268865,ok,
1,0,1,1,2,GausianProzess,EI,5,200,179,144.97809408,-5.790212891602579,-5.790212891602579,0.39241782664268865,ok,
1,0,1,1,2,GausianProzess,EI,5,200,180,144.97809408,-5.790212891602579,-5.790212891602579,0.39241782664268865,ok,
1,0,1,1,2,GausianProzess,EI,5,200,181,144.97809408,-5.790212891602579,-5.790212891602579,0.39241782664268865,ok,
1,0,1,1,2,GausianProzess,EI,5,200,182,144.97809408,-5.790212891602579,-5.790212891602579,0.39241782664268865,ok,
1,0,1,1,2,GausianProzess,EI,5,200,183,144.97809408,-5.790212891602579,-5.790212891602579,0.39241782664268865,ok,
1,0,1,1,2,GausianProzess,EI,5,200,184,144.97809408,-5.790212891602579,-5.790212891602579,0.39241782664268865,ok,
1,0,1,1,2,GausianProzess,EI,5,200,185,144.97809408,-5.790212891602579,-5.790212891602579,0.39241782664268865,ok,
1,0,1,1,2,GausianProzess,EI,5,200,186,144.97809408,-5.790212891602579,-5.790212891602579,0.39241782664268865,ok,
1,0,1,1,2,GausianProzess,EI,5,200,187,144.97809408,-5.790212891602579,-5.790212891602579,0.39241782664268865,ok,
1,0,1,1,2,GausianProzess,EI,5,200,188,144.97809408,-5.790212891602579,-5.790212891602579,0.39241782664268865,ok,
1,0,1,1,2,GausianProzess,EI,5,200,189,144.97809408,-5.790212891602579,-5.790212891602579,0.39241782664268865,ok,
1,0,1,1,2,GausianProzess,EI,5,200,190,144.97809408,-5.790212891602579,-5.790212891602579,0.39241782664268865,ok,
1,0,1,1,2,GausianProzess,EI,5,200,191,144.97809408,-5.790212891602579,-5.790212891602579,0.39241782664268865,ok,
1,0,1,1,2,GausianProzess,EI,5,200,192,144.97809408,-5.790212891602579,-5.790212891602579,0.39241782664268865,ok,
1,0,1,1,2,GausianProzess,EI,5,200,193,144.97809408,-5.790212891602579,-5.790212891602579,0.39241782664268865,ok,
1,0,1,1,2,GausianProzess,EI,5,200,194,144.97809408,-5.790212891602579,-5.790212891602579,0.39241782664268865,ok,
1,0,1,1,2,GausianProzess,EI,5,200,195,144.97809408,-5.790212891602579,-5.790212891602579,0.39241782664268865,ok,
1,0,1,1,2,GausianProzess,EI,5,200,196,144.97809408,-5.790212891602579,-5.790212891602579,0.39241782664268865,ok,
1,0,1,1,2,GausianProzess,EI,5,200,197,144.97809408,-5.790212891602579,-5.790212891602579,0.39241782664268865,ok,
1,0,1,1,2,GausianProzess,EI,5,200,198,144.97809408,-5.790212891602579,-5.790212891602579,0.39241782664268865,ok,
1,0,1,1,2,GausianProzess,EI,5,200,199,144.97809408,-5.790212891602579,-5.790212891602579,0.39241782664268865,ok,
1,0,1,1,2,GausianProzess,EI,5,200,200,144.97809408,-5.790212891602579,-5.790212891602579,0.39241782664268865,ok,
2,0,2,1,2,GausianProzess,EI,5,200,1,127.98314320758195,11.20473798081548,11.20473798081548,9.891081798434639,ok,
2,0,2,1,2,GausianProzess,EI,5,200,2,139.92209408000002,-0.7342128916025956,-0.7342128916025956,9.873758195016205,ok,
2,0,2,1,2,GausianProzess,EI,5,200,3,144.97809408,-5.790212891602579,-5.790212891602579,0.39241782664268865,ok,
2,0,2,1,2,GausianProzess,EI,5,200,4,144.97809408,-5.790212891602579,19.74432612792475,3.703743745476495,ok,
2,0,2,1,2,GausianProzess,EI,5,200,5,144.97809408,-5.790212891602579,-5.790212891602579,0.39241782664268865,ok,
2,0,2,1,2,GausianProzess,EI,5,200,6,144.97809408,-5.790212891602579,5.477334448140539,0.640390808801217,ok,
2,0,2,1,2,GausianProzess,EI,5,200,7,144.97809408,-5.790212891602579,17.345787108397417,9.631780382045406,ok,
2,0,2,1,2,GausianProzess,EI,5,200,8,144.97809408,-5.790212891602579,-5.790212891602579,0.39241782664268865,ok,
2,0,2,1,2,GausianProzess,EI,5,200,9,144.97809408,-5.790212891602579,22.40178710839743,13.787976735944161,ok,
2,0,2,1,2,GausianProzess,EI,5,200,10,144.97809408,-5.790212891602579,-5.790212891602579,0.39241782664268865,ok,
2,0,2,1,2,GausianProzess,EI,5,200,11,144.97809408,-5.790212891602579,-5.790212891602579,0.39241782664268865,ok,
2,0,2,1,2,GausianProzess,EI,5,200,12,144.97809408,-5.790212891602579,-5.790212891602579,0.39241782664268865,ok,
2,0,2,1,2,GausianProzess,EI,5,200,13,144.97809408,-5.790212891602579,-1.7192511753437714,0.4572360091904856,ok,
2,0,2,1,2,GausianProzess,EI,5,200,14,144.97809408,-5.790212891602579,12.470257680141216,8.182726166368338,ok,
2,0,2,1,2,GausianProzess,EI,5,200,15,144.97809408,-5.790212891602579,36.720412920200246,11.793295483368357,ok,
2,0,2,1,2,GausianProzess,EI,5,200,16,144.97809408,-5.790212891602579,38.625121460692185,9.977515287747,ok,
2,0,2,1,2,GausianProzess,EI,5,200,17,144.97809408,-5.790212891602579,29.557755565421246,7.3883028348358275,ok,
2,0,2,1,2,GausianProzess,EI,5,200,18,144.97809408,-5.790212891602579,26.216418890955936,3.3613981878566466,ok,
2,0,2,1,2,GausianProzess,EI,5,200,19,144.97809408,-5.790212891602579,37.44678631195313,3.2246946737970563,ok,
2,0,2,1,2,GausianProzess,EI,5,200,20,144.97809408,-5.790212891602579,21.02122972187641,6.01443368121882,ok,
2,0,2,1,2,GausianProzess,EI,5,200,21,144.97809408,-5.790212891602579,-5.790212891602579,0.39241782664268865,ok,
2,0,2,1,2,GausianProzess,EI,5,200,22,144.97809408,-5.790212891602579,-5.790212891602579,0.39241782664268865,ok,
2,0,2,1,2,GausianProzess,EI,5,200,23,144.97809408,-5.790212891602579,-5.790212891602579,0.39241782664268865,ok,
2,0,2,1,2,GausianProzess,EI,5,200,24,144.97809408,-5.790212891602579,-5.790212891602579,0.39241782664268865,ok,
2,0,2,1,2,GausianProzess,EI,5,200,25,144.97809408,-5.790212891602579,-5.790212891602579,0.39241782664268865,ok,
2,0,2,1,2,GausianProzess,EI,5,200,26,144.97809408,-5.790212891602579,-5.790212891602579,0.39241782664268865,ok,
2,0,2,1,2,GausianProzess,EI,5,200,27,144.97809408,-5.790212891602579,-5.790212891602579,0.39241782664268865,ok,
2,0,2,1,2,GausianProzess,EI,5,200,28,144.97809408,-5.790212891602579,-5.790212891602579,0.39241782664268865,ok,
2,0,2,1,2,GausianProzess,EI,5,200,29,144.97809408,-5.790212891602579,-5.790212891602579,0.39241782664268865,ok,
2,0,2,1,2,GausianProzess,EI,5,200,30,144.97809408,-5.790212891602579,-5.790212891602579,0.39241782664268865,ok,
2,0,2,1,2,GausianProzess,EI,5,200,31,144.97809408,-5.790212891602579,-5.790212891602579,0.39241782664268865,ok,
2,0,2,1,2,GausianProzess,EI,5,200,32,144.97809408,-5.790212891602579,-5.790212891602579,0.39241782664268865,ok,
2,0,2,1,2,GausianProzess,EI,5,200,33,144.97809408,-5.790212891602579,-5.790212891602579,0.39241782664268865,ok,
2,0,2,1,2,GausianProzess,EI,5,200,34,144.97809408,-5.790212891602579,-5.790212891602579,0.39241782664268865,ok,
2,0,2,1,2,GausianProzess,EI,5,200,35,144.97809408,-5.790212891602579,-5.790212891602579,0.39241782664268865,ok,
2,0,2,1,2,GausianProzess,EI,5,200,36,144.97809408,-5.790212891602579,-5.790212891602579,0.39241782664268865,ok,
2,0,2,1,2,GausianProzess,EI,5,200,37,144.97809408,-5.790212891602579,-5.790212891602579,0.39241782664268865,ok,
2,0,2,1,2,GausianProzess,EI,5,200,38,144.97809408,-5.790212891602579,-5.790212891602579,0.39241782664268865,ok,
2,0,2,1,2,GausianProzess,EI,5,200,39,144.97809408,-5.790212891602579,-5.790212891602579,0.39241782664268865,ok,
2,0,2,1,2,GausianProzess,EI,5,200,40,144.97809408,-5.790212891602579,-5.790212891602579,0.39241782664268865,ok,
2,0,2,1,2,GausianProzess,EI,5,200,41,144.97809408,-5.790212891602579,-5.790212891602579,0.39241782664268865,ok,
2,0,2,1,2,GausianProzess,EI,5,200,42,144.97809408,-5.790212891602579,-5.790212891602579,0.39241782664268865,ok,
2,0,2,1,2,GausianProzess,EI,5,200,43,144.97809408,-5.790212891602579,-5.790212891602579,0.39241782664268865,ok,
2,0,2,1,2,GausianProzess,EI,5,200,44,144.97809408,-5.790212891602579,-5.790212891602579,0.39241782664268865,ok,
2,0,2,1,2,GausianProzess,EI,5,200,45,144.97809408,-5.790212891602579,-5.790212891602579,0.39241782664268865,ok,
2,0,2,1,2,GausianProzess,EI,5,200,46,144.97809408,-5.790212891602579,-5.790212891602579,0.39241782664268865,ok,
2,0,2,1,2,GausianProzess,EI,5,200,47,144.97809408,-5.790212891602579,-5.790212891602579,0.39241782664268865,ok,
2,0,2,1,2,GausianProzess,EI,5,200,48,144.97809408,-5.790212891602579,-5.790212891602579,0.39241782664268865,ok,
2,0,2,1,2,GausianProzess,EI,5,200,49,144.97809408,-5.790212891602579,-5.790212891602579,0.39241782664268865,ok,
2,0,2,1,2,GausianProzess,EI,5,200,50,144.97809408,-5.790212891602579,-5.790212891602579,0.39241782664268865,ok,
2,0,2,1,2,GausianProzess,EI,5,200,51,144.97809408,-5.790212891602579,-5.790212891602579,0.39241782664268865,ok,
2,0,2,1,2,GausianProzess,EI,5,200,52,144.97809408,-5.790212891602579,-5.790212891602579,0.39241782664268865,ok,
2,0,2,1,2,GausianProzess,EI,5,200,53,144.97809408,-5.790212891602579,-5.790212891602579,0.39241782664268865,ok,
2,0,2,1,2,GausianProzess,EI,5,200,54,144.97809408,-5.790212891602579,-5.790212891602579,0.39241782664268865,ok,
2,0,2,1,2,GausianProzess,EI,5,200,55,144.97809408,-5.790212891602579,-5.790212891602579,0.39241782664268865,ok,
2,0,2,1,2,GausianProzess,EI,5,200,56,144.97809408,-5.790212891602579,-5.790212891602579,0.39241782664268865,ok,
2,0,2,1,2,GausianProzess,EI,5,200,57,144.97809408,-5.790212891602579,-5.790212891602579,0.39241782664268865,ok,
2,0,2,1,2,GausianProzess,EI,5,200,58,144.97809408,-5.790212891602579,33.31717266924176,10.58206370587975,ok,
2,0,2,1,2,GausianProzess,EI,5,200,59,144.97809408,-5.790212891602579,-5.790212891602579,0.39241782664268865,ok,
2,0,2,1,2,GausianProzess,EI,5,200,60,144.97809408,-5.790212891602579,-5.790212891602579,0.39241782664268865,ok,
2,0,2,1,2,GausianProzess,EI,5,200,61,144.97809408,-5.790212891602579,-5.790212891602579,0.39241782664268865,ok,
2,0,2,1,2,GausianProzess,EI,5,200,62,144.97809408,-5.790212891602579,-5.790212891602579,0.39241782664268865,ok,
2,0,2,1,2,GausianProzess,EI,5,200,63,144.97809408,-5.790212891602579,-5.790212891602579,0.39241782664268865,ok,
2,0,2,1,2,GausianProzess,EI,5,200,64,144.97809408,-5.790212891602579,-5.790212891602579,0.39241782664268865,ok,
2,0,2,1,2,GausianProzess,EI,5,200,65,144.97809408,-5.790212891602579,-5.790212891602579,0.39241782664268865,ok,
2,0,2,1,2,GausianProzess,EI,5,200,66,144.97809408,-5.790212891602579,-5.790212891602579,0.39241782664268865,ok,
2,0,2,1,2,GausianProzess,EI,5,200,67,144.97809408,-5.790212891602579,-5.790212891602579,0.39241782664268865,ok,
2,0,2,1,2,GausianProzess,EI,5,200,68,144.97809408,-5.790212891602579,-5.790212891602579,0.39241782664268865,ok,
2,0,2,1,2,GausianProzess,EI,5,200,69,144.97809408,-5.790212891602579,-5.790212891602579,0.39241782664268865,ok,
2,0,2,1,2,GausianProzess,EI,5,200,70,144.97809408,-5.790212891602579,-5.790212891602579,0.39241782664268865,ok,
2,0,2,1,2,GausianProzess,EI,5,200,71,144.97809408,-5.790212891602579,-5.790212891602579,0.39241782664268865,ok,
2,0,2,1,2,GausianProzess,EI,5,200,72,144.97809408,-5.790212891602579,-5.790212891602579,0.39241782664268865,ok,
2,0,2,1,2,GausianProzess,EI,5,200,73,144.97809408,-5.790212891602579,-5.790212891602579,0.39241782664268865,ok,
2,0,2,1,2,GausianProzess,EI,5,200,74,144.97809408,-5.790212891602579,-5.790212891602579,0.39241782664268865,ok,
2,0,2,1,2,GausianProzess,EI,5,200,75,144.97809408,-5.790212891602579,-5.790212891602579,0.39241782664268865,ok,
2,0,2,1,2,GausianProzess,EI,5,200,76,144.97809408,-5.790212891602579,-5.790212891602579,0.39241782664268865,ok,
2,0,2,1,2,GausianProzess,EI,5,200,77,144.97809408,-5.790212891602579,-5.790212891602579,0.39241782664268865,ok,
2,0,2,1,2,GausianProzess,EI,5,200,78,144.97809408,-5.790212891602579,-5.790212891602579,0.39241782664268865,ok,
2,0,2,1,2,GausianProzess,EI,5,200,79,144.97809408,-5.790212891602579,-5.790212891602579,0.39241782664268865,ok,
2,0,2,1,2,GausianProzess,EI,5,200,80,144.97809408,-5.790212891602579,-5.790212891602579,0.39241782664268865,ok,
2,0,2,1,2,GausianProzess,EI,5,200,81,144.97809408,-5.790212891602579,-5.790212891602579,0.39241782664268865,ok,
2,0,2,1,2,GausianProzess,EI,5,200,82,144.97809408,-5.790212891602579,4.668321223017159,1.0475987446340034,ok,
2,0,2,1,2,GausianProzess,EI,5,200,83,144.97809408,-5.790212891602579,-5.790212891602579,0.39241782664268865,ok,
2,0,2,1,2,GausianProzess,EI,5,200,84,144.97809408,-5.790212891602579,36.17188075343374,12.571626800513817,ok,
2,0,2,1,2,GausianProzess,EI,5,200,85,144.97809408,-5.790212891602579,44.93442510342079,10.934034831530656,ok,
2,0,2,1,2,GausianProzess,EI,5,200,86,144.97809408,-5.790212891602579,-5.790212891602579,0.39241782664268865,ok,
2,0,2,1,2,GausianProzess,EI,5,200,87,144.97809408,-5.790212891602579,38.057900802798855,6.1818824997882285,ok,
2,0,2,1,2,GausianProzess,EI,5,200,88,144.97809408,-5.790212891602579,-5.790212891602579,0.39241782664268865,ok,
2,0,2,1,2,GausianProzess,EI,5,200,89,144.97809408,-5.790212891602579,-5.790212891602579,0.39241782664268865,ok,
2,0,2,1,2,GausianProzess,EI,5,200,90,144.97809408,-5.790212891602579,-5.790212891602579,0.39241782664268865,ok,
2,0,2,1,2,GausianProzess,EI,5,200,91,144.97809408,-5.790212891602579,-5.790212891602579,0.39241782664268865,ok,
2,0,2,1,2,GausianProzess,EI,5,200,92,144.97809408,-5.790212891602579,-5.790212891602579,0.39241782664268865,ok,
2,0,2,1,2,GausianProzess,EI,5,200,93,144.97809408,-5.790212891602579,-5.790212891602579,0.39241782664268865,ok,
2,0,2,1,2,GausianProzess,EI,5,200,94,144.97809408,-5.790212891602579,-5.790212891602579,0.39241782664268865,ok,
2,0,2,1,2,GausianProzess,EI,5,200,95,144.97809408,-5.790212891602579,-0.7342128916025956,9.873758195016205,ok,
2,0,2,1,2,GausianProzess,EI,5,200,96,144.97809408,-5.790212891602579,-5.790212891602579,0.39241782664268865,ok,
2,0,2,1,2,GausianProzess,EI,5,200,97,144.97809408,-5.790212891602579,-5.790212891602579,0.39241782664268865,ok,
2,0,2,1,2,GausianProzess,EI,5,200,98,144.97809408,-5.790212891602579,-5.790212891602579,0.39241782664268865,ok,
2,0,2,1,2,GausianProzess,EI,5,200,99,144.97809408,-5.790212891602579,-5.790212891602579,0.39241782664268865,ok,
2,0,2,1,2,GausianProzess,EI,5,200,100,144.97809408,-5.790212891602579,-5.790212891602579,0.39241782664268865,ok,
2,0,2,1,2,GausianProzess,EI,5,200,101,144.97809408,-5.790212891602579,-5.790212891602579,0.39241782664268865,ok,
2,0,2,1,2,GausianProzess,EI,5,200,102,144.97809408,-5.790212891602579,-5.790212891602579,0.39241782664268865,ok,
2,0,2,1,2,GausianProzess,EI,5,200,103,144.97809408,-5.790212891602579,-5.790212891602579,0.39241782664268865,ok,
2,0,2,1,2,GausianProzess,EI,5,200,104,144.97809408,-5.790212891602579,-5.790212891602579,0.39241782664268865,ok,
2,0,2,1,2,GausianProzess,EI,5,200,105,144.97809408,-5.790212891602579,-5.790212891602579,0.39241782664268865,ok,
2,0,2,1,2,GausianProzess,EI,5,200,106,144.97809408,-5.790212891602579,-5.790212891602579,0.39241782664268865,ok,
2,0,2,1,2,GausianProzess,EI,5,200,107,144.97809408,-5.790212891602579,-5.790212891602579,0.39241782664268865,ok,
2,0,2,1,2,GausianProzess,EI,5,200,108,144.97809408,-5.790212891602579,-5.790212891602579,0.39241782664268865,ok,
2,0,2,1,2,GausianProzess,EI,5,200,109,144.97809408,-5.790212891602579,-5.790212891602579,0.39241782664268865,ok,
2,0,2,1,2,GausianProzess,EI,5,200,110,144.97809408,-5.790212891602579,-5.790212891602579,0.39241782664268865,ok,
2,0,2,1,2,GausianProzess,EI,5,200,111,144.97809408,-5.790212891602579,-5.790212891602579,0.39241782664268865,ok,
2,0,2,1,2,GausianProzess,EI,5,200,112,144.97809408,-5.790212891602579,-5.790212891602579,0.39241782664268865,ok,
2,0,2,1,2,GausianProzess,EI,5,200,113,144.97809408,-5.790212891602579,-5.790212891602579,0.39241782664268865,ok,
2,0,2,1,2,GausianProzess,EI,5,200,114,144.97809408,-5.790212891602579,-5.790212891602579,0.39241782664268865,ok,
2,0,2,1,2,GausianProzess,EI,5,200,115,144.97809408,-5.790212891602579,-5.790212891602579,0.39241782664268865,ok,
2,0,2,1,2,GausianProzess,EI,5,200,116,144.97809408,-5.790212891602579,-5.790212891602579,0.39241782664268865,ok,
2,0,2,1,2,GausianProzess,EI,5,200,117,144.97809408,-5.790212891602579,-5.790212891602579,0.39241782664268865,ok,
2,0,2,1,2,GausianProzess,EI,5,200,118,144.97809408,-5.790212891602579,-5.790212891602579,0.39241782664268865,ok,
2,0,2,1,2,GausianProzess,EI,5,200,119,144.97809408,-5.790212891602579,-5.790212891602579,0.39241782664268865,ok,
2,0,2,1,2,GausianProzess,EI,5,200,120,144.97809408,-5.790212891602579,-5.790212891602579,0.39241782664268865,ok,
2,0,2,1,2,GausianProzess,EI,5,200,121,144.97809408,-5.790212891602579,-5.790212891602579,0.39241782664268865,ok,
2,0,2,1,2,GausianProzess,EI,5,200,122,144.97809408,-5.790212891602579,-5.790212891602579,0.39241782664268865,ok,
2,0,2,1,2,GausianProzess,EI,5,200,123,144.97809408,-5.790212891602579,30.354074215421917,12.957398942455901,ok,
2,0,2,1,2,GausianProzess,EI,5,200,124,144.97809408,-5.790212891602579,-5.790212891602579,0.39241782664268865,ok,
2,0,2,1,2,GausianProzess,EI,5,200,125,144.97809408,-5.790212891602579,-5.790212891602579,0.39241782664268865,ok,
2,0,2,1,2,GausianProzess,EI,5,200,126,144.97809408,-5.790212891602579,-5.790212891602579,0.39241782664268865,ok,
2,0,2,1,2,GausianProzess,EI,5,200,127,144.97809408,-5.790212891602579,-5.790212891602579,0.39241782664268865,ok,
2,0,2,1,2,GausianProzess,EI,5,200,128,144.97809408,-5.790212891602579,-5.790212891602579,0.39241782664268865,ok,
2,0,2,1,2,GausianProzess,EI,5,200,129,144.97809408,-5.790212891602579,-5.790212891602579,0.39241782664268865,ok,
2,0,2,1,2,GausianProzess,EI,5,200,130,144.97809408,-5.790212891602579,-5.790212891602579,0.39241782664268865,ok,
2,0,2,1,2,GausianProzess,EI,5,200,131,144.97809408,-5.790212891602579,-5.790212891602579,0.39241782664268865,ok,
2,0,2,1,2,GausianProzess,EI,5,200,132,144.97809408,-5.790212891602579,3.424823979374736,9.413721055613982,ok,
2,0,2,1,2,GausianProzess,EI,5,200,133,144.97809408,-5.790212891602579,-5.790212891602579,0.39241782664268865,ok,
2,0,2,1,2,GausianProzess,EI,5,200,134,144.97809408,-5.790212891602579,-5.790212891602579,0.39241782664268865,ok,
2,0,2,1,2,GausianProzess,EI,5,200,135,144.97809408,-5.790212891602579,-5.790212891602579,0.39241782664268865,ok,
2,0,2,1,2,GausianProzess,EI,5,200,136,144.97809408,-5.790212891602579,-5.790212891602579,0.39241782664268865,ok,
2,0,2,1,2,GausianProzess,EI,5,200,137,144.97809408,-5.790212891602579,-5.790212891602579,0.39241782664268865,ok,
2,0,2,1,2,GausianProzess,EI,5,200,138,144.97809408,-5.790212891602579,-5.790212891602579,0.39241782664268865,ok,
2,0,2,1,2,GausianProzess,EI,5,200,139,144.97809408,-5.790212891602579,-5.790212891602579,0.39241782664268865,ok,
2,0,2,1,2,GausianProzess,EI,5,200,140,144.97809408,-5.790212891602579,-5.790212891602579,0.39241782664268865,ok,
2,0,2,1,2,GausianProzess,EI,5,200,141,144.97809408,-5.790212891602579,-5.790212891602579,0.39241782664268865,ok,
2,0,2,1,2,GausianProzess,EI,5,200,142,144.97809408,-5.790212891602579,32.5296534887033,8.770579588719373,ok,
2,0,2,1,2,GausianProzess,EI,5,200,143,144.97809408,-5.790212891602579,-5.790212891602579,0.39241782664268865,ok,
2,0,2,1,2,GausianProzess,EI,5,200,144,144.97809408,-5.790212891602579,-5.790212891602579,0.39241782664268865,ok,
2,0,2,1,2,GausianProzess,EI,5,200,145,144.97809408,-5.790212891602579,-5.790212891602579,0.39241782664268865,ok,
2,0,2,1,2,GausianProzess,EI,5,200,146,144.97809408,-5.790212891602579,-5.790212891602579,0.39241782664268865,ok,
2,0,2,1,2,GausianProzess,EI,5,200,147,144.97809408,-5.790212891602579,-5.790212891602579,0.39241782664268865,ok,
2,0,2,1,2,GausianProzess,EI,5,200,148,144.97809408,-5.790212891602579,-5.790212891602579,0.39241782664268865,ok,
2,0,2,1,2,GausianProzess,EI,5,200,149,144.97809408,-5.790212891602579,-5.790212891602579,0.39241782664268865,ok,
2,0,2,1,2,GausianProzess,EI,5,200,150,144.97809408,-5.790212891602579,-5.790212891602579,0.39241782664268865,ok,
2,0,2,1,2,GausianProzess,EI,5,200,151,144.97809408,-5.790212891602579,-5.790212891602579,0.39241782664268865,ok,
2,0,2,1,2,GausianProzess,EI,5,200,152,144.97809408,-5.790212891602579,-5.790212891602579,0.39241782664268865,ok,
2,0,2,1,2,GausianProzess,EI,5,200,153,144.97809408,-5.790212891602579,-5.790212891602579,0.39241782664268865,ok,
2,0,2,1,2,GausianProzess,EI,5,200,154,144.97809408,-5.790212891602579,-5.790212891602579,0.39241782664268865,ok,
2,0,2,1,2,GausianProzess,EI,5,200,155,144.97809408,-5.790212891602579,-5.790212891602579,0.39241782664268865,ok,
2,0,2,1,2,GausianProzess,EI,5,200,156,144.97809408,-5.790212891602579,-5.790212891602579,0.39241782664268865,ok,
2,0,2,1,2,GausianProzess,EI,5,200,157,144.97809408,-5.790212891602579,-5.790212891602579,0.39241782664268865,ok,
2,0,2,1,2,GausianProzess,EI,5,200,158,144.97809408,-5.790212891602579,-5.790212891602579,0.39241782664268865,ok,
2,0,2,1,2,GausianProzess,EI,5,200,159,144.97809408,-5.790212891602579,-5.790212891602579,0.39241782664268865,ok,
2,0,2,1,2,GausianProzess,EI,5,200,160,144.97809408,-5.790212891602579,-5.790212891602579,0.39241782664268865,ok,
2,0,2,1,2,GausianProzess,EI,5,200,161,144.97809408,-5.790212891602579,-5.790212891602579,0.39241782664268865,ok,
2,0,2,1,2,GausianProzess,EI,5,200,162,144.97809408,-5.790212891602579,-5.790212891602579,0.39241782664268865,ok,
2,0,2,1,2,GausianProzess,EI,5,200,163,144.97809408,-5.790212891602579,-5.790212891602579,0.39241782664268865,ok,
2,0,2,1,2,GausianProzess,EI,5,200,164,144.97809408,-5.790212891602579,-5.790212891602579,0.39241782664268865,ok,
2,0,2,1,2,GausianProzess,EI,5,200,165,144.97809408,-5.790212891602579,-5.790212891602579,0.39241782664268865,ok,
2,0,2,1,2,GausianProzess,EI,5,200,166,144.97809408,-5.790212891602579,-5.790212891602579,0.39241782664268865,ok,
2,0,2,1,2,GausianProzess,EI,5,200,167,144.97809408,-5.790212891602579,-5.790212891602579,0.39241782664268865,ok,
2,0,2,1,2,GausianProzess,EI,5,200,168,144.97809408,-5.790212891602579,-5.790212891602579,0.39241782664268865,ok,
2,0,2,1,2,GausianProzess,EI,5,200,169,144.97809408,-5.790212891602579,-5.790212891602579,0.39241782664268865,ok,
2,0,2,1,2,GausianProzess,EI,5,200,170,144.97809408,-5.790212891602579,-5.790212891602579,0.39241782664268865,ok,
2,0,2,1,2,GausianProzess,EI,5,200,171,144.97809408,-5.790212891602579,-5.790212891602579,0.39241782664268865,ok,
2,0,2,1,2,GausianProzess,EI,5,200,172,144.97809408,-5.790212891602579,-5.790212891602579,0.39241782664268865,ok,
2,0,2,1,2,GausianProzess,EI,5,200,173,144.97809408,-5.790212891602579,-5.790212891602579,0.39241782664268865,ok,
2,0,2,1,2,GausianProzess,EI,5,200,174,144.97809408,-5.790212891602579,-5.790212891602579,0.39241782664268865,ok,
2,0,2,1,2,GausianProzess,EI,5,200,175,144.97809408,-5.790212891602579,-5.790212891602579,0.39241782664268865,ok,
2,0,2,1,2,GausianProzess,EI,5,200,176,144.97809408,-5.790212891602579,-5.790212891602579,0.39241782664268865,ok,
2,0,2,1,2,GausianProzess,EI,5,200,177,144.97809408,-5.790212891602579,-5.790212891602579,0.39241782664268865,ok,
2,0,2,1,2,GausianProzess,EI,5,200,178,144.97809408,-5.790212891602579,-5.790212891602579,0.39241782664268865,ok,
2,0,2,1,2,GausianProzess,EI,5,200,179,144.97809408,-5.790212891602579,-5.790212891602579,0.39241782664268865,ok,
2,0,2,1,2,GausianProzess,EI,5,200,180,144.97809408,-5.790212891602579,-5.790212891602579,0.39241782664268865,ok,
2,0,2,1,2,GausianProzess,EI,5,200,181,144.97809408,-5.790212891602579,-5.790212891602579,0.39241782664268865,ok,
2,0,2,1,2,GausianProzess,EI,5,200,182,144.97809408,-5.790212891602579,-5.790212891602579,0.39241782664268865,ok,
2,0,2,1,2,GausianProzess,EI,5,200,183,144.97809408,-5.790212891602579,-5.790212891602579,0.39241782664268865,ok,
2,0,2,1,2,GausianProzess,EI,5,200,184,144.97809408,-5.790212891602579,-5.790212891602579,0.39241782664268865,ok,
2,0,2,1,2,GausianProzess,EI,5,200,185,144.97809408,-5.790212891602579,-5.790212891602579,0.39241782664268865,ok,
2,0,2,1,2,GausianProzess,EI,5,200,186,144.97809408,-5.790212891602579,-5.790212891602579,0.39241782664268865,ok,
2,0,2,1,2,GausianProzess,EI,5,200,187,144.97809408,-5.790212891602579,-5.790212891602579,0.39241782664268865,ok,
2,0,2,1,2,GausianProzess,EI,5,200,188,144.97809408,-5.790212891602579,-5.790212891602579,0.39241782664268865,ok,
2,0,2,1,2,GausianProzess,EI,5,200,189,144.97809408,-5.790212891602579,-5.790212891602579,0.39241782664268865,ok,
2,0,2,1,2,GausianProzess,EI,5,200,190,144.97809408,-5.790212891602579,-5.790212891602579,0.39241782664268865,ok,
2,0,2,1,2,GausianProzess,EI,5,200,191,144.97809408,-5.790212891602579,-5.790212891602579,0.39241782664268865,ok,
2,0,2,1,2,GausianProzess,EI,5,200,192,144.97809408,-5.790212891602579,50.41847529199541,10.054586818946332,ok,
2,0,2,1,2,GausianProzess,EI,5,200,193,144.97809408,-5.790212891602579,-5.790212891602579,0.39241782664268865,ok,
2,0,2,1,2,GausianProzess,EI,5,200,194,144.97809408,-5.790212891602579,-5.790212891602579,0.39241782664268865,ok,
2,0,2,1,2,GausianProzess,EI,5,200,195,144.97809408,-5.790212891602579,-5.790212891602579,0.39241782664268865,ok,
2,0,2,1,2,GausianProzess,EI,5,200,196,144.97809408,-5.790212891602579,-5.790212891602579,0.39241782664268865,ok,
2,0,2,1,2,GausianProzess,EI,5,200,197,144.97809408,-5.790212891602579,-5.790212891602579,0.39241782664268865,ok,
2,0,2,1,2,GausianProzess,EI,5,200,198,144.97809408,-5.790212891602579,-5.790212891602579,0.39241782664268865,ok,
2,0,2,1,2,GausianProzess,EI,5,200,199,144.97809408,-5.790212891602579,-5.790212891602579,0.39241782664268865,ok,
2,0,2,1,2,GausianProzess,EI,5,200,200,144.97809408,-5.790212891602579,-5.790212891602579,0.39241782664268865,ok,
